prov_name,yr,age,pop_prop
Beijing,1990,0,0.007883354
Beijing,1990,1_14,0.193702979
Beijing,1990,15_49,0.591769203
Beijing,1990,50_,0.206644463
Beijing,1991,0,0.007883354
Beijing,1991,1_14,0.192613345
Beijing,1991,15_49,0.590746339
Beijing,1991,50_,0.208756961
Beijing,1992,0,0.007883354
Beijing,1992,1_14,0.191523712
Beijing,1992,15_49,0.589723476
Beijing,1992,50_,0.210869459
Beijing,1993,0,0.007883354
Beijing,1993,1_14,0.190434078
Beijing,1993,15_49,0.588700612
Beijing,1993,50_,0.212981956
Beijing,1994,0,0.007883354
Beijing,1994,1_14,0.189344444
Beijing,1994,15_49,0.587677748
Beijing,1994,50_,0.215094454
Beijing,1995,0,0.007883354
Beijing,1995,1_14,0.18825481
Beijing,1995,15_49,0.586654884
Beijing,1995,50_,0.217206952
Beijing,1996,0,0.00750618
Beijing,1996,1_14,0.176580144
Beijing,1996,15_49,0.599443928
Beijing,1996,50_,0.216469748
Beijing,1997,0,0.007129005
Beijing,1997,1_14,0.164905478
Beijing,1997,15_49,0.612232971
Beijing,1997,50_,0.215732545
Beijing,1998,0,0.006751831
Beijing,1998,1_14,0.153230812
Beijing,1998,15_49,0.625022015
Beijing,1998,50_,0.214995342
Beijing,1999,0,0.006374657
Beijing,1999,1_14,0.141556146
Beijing,1999,15_49,0.637811058
Beijing,1999,50_,0.214258139
Beijing,2000,0,0.005997482
Beijing,2000,1_14,0.12988148
Beijing,2000,15_49,0.650600102
Beijing,2000,50_,0.213520936
Beijing,2001,0,0.006054463
Beijing,2001,1_14,0.123212107
Beijing,2001,15_49,0.645186715
Beijing,2001,50_,0.225546714
Beijing,2002,0,0.006111445
Beijing,2002,1_14,0.116542735
Beijing,2002,15_49,0.639773328
Beijing,2002,50_,0.237572492
Beijing,2003,0,0.006168426
Beijing,2003,1_14,0.109873362
Beijing,2003,15_49,0.634359942
Beijing,2003,50_,0.24959827
Beijing,2004,0,0.006225407
Beijing,2004,1_14,0.10320399
Beijing,2004,15_49,0.628946555
Beijing,2004,50_,0.261624049
Beijing,2005,0,0.006282388
Beijing,2005,1_14,0.096534617
Beijing,2005,15_49,0.623533168
Beijing,2005,50_,0.273649827
Beijing,2006,0,0.006207634
Beijing,2006,1_14,0.093253856
Beijing,2006,15_49,0.63051098
Beijing,2006,50_,0.27002753
Beijing,2007,0,0.00613288
Beijing,2007,1_14,0.089973096
Beijing,2007,15_49,0.637488791
Beijing,2007,50_,0.266405233
Beijing,2008,0,0.006058126
Beijing,2008,1_14,0.086692335
Beijing,2008,15_49,0.644466603
Beijing,2008,50_,0.262782936
Beijing,2009,0,0.005983372
Beijing,2009,1_14,0.083411574
Beijing,2009,15_49,0.651444415
Beijing,2009,50_,0.259160639
Beijing,2010,0,0.005908618
Beijing,2010,1_14,0.080130813
Beijing,2010,15_49,0.658422226
Beijing,2010,50_,0.255538342
Beijing,2011,0,0.006282694
Beijing,2011,1_14,0.082796874
Beijing,2011,15_49,0.646161444
Beijing,2011,50_,0.264758988
Beijing,2012,0,0.006656769
Beijing,2012,1_14,0.085462935
Beijing,2012,15_49,0.633900663
Beijing,2012,50_,0.273979633
Beijing,2013,0,0.007030845
Beijing,2013,1_14,0.088128996
Beijing,2013,15_49,0.621639881
Beijing,2013,50_,0.283200279
Beijing,2014,0,0.00740492
Beijing,2014,1_14,0.090795056
Beijing,2014,15_49,0.609379099
Beijing,2014,50_,0.292420925
Tianjin,1990,0,0.009655713
Tianjin,1990,1_14,0.21740394
Tianjin,1990,15_49,0.580631539
Tianjin,1990,50_,0.192308809
Tianjin,1991,0,0.009655713
Tianjin,1991,1_14,0.215015061
Tianjin,1991,15_49,0.578634311
Tianjin,1991,50_,0.196694915
Tianjin,1992,0,0.009655713
Tianjin,1992,1_14,0.212626183
Tianjin,1992,15_49,0.576637082
Tianjin,1992,50_,0.201081022
Tianjin,1993,0,0.009655713
Tianjin,1993,1_14,0.210237305
Tianjin,1993,15_49,0.574639854
Tianjin,1993,50_,0.205467129
Tianjin,1994,0,0.009655713
Tianjin,1994,1_14,0.207848426
Tianjin,1994,15_49,0.572642626
Tianjin,1994,50_,0.209853235
Tianjin,1995,0,0.009655713
Tianjin,1995,1_14,0.205459548
Tianjin,1995,15_49,0.570645397
Tianjin,1995,50_,0.214239342
Tianjin,1996,0,0.009162461
Tianjin,1996,1_14,0.196458433
Tianjin,1996,15_49,0.578873828
Tianjin,1996,50_,0.215505279
Tianjin,1997,0,0.008669209
Tianjin,1997,1_14,0.187457317
Tianjin,1997,15_49,0.587102258
Tianjin,1997,50_,0.216771216
Tianjin,1998,0,0.008175958
Tianjin,1998,1_14,0.178456202
Tianjin,1998,15_49,0.595330688
Tianjin,1998,50_,0.218037152
Tianjin,1999,0,0.007682706
Tianjin,1999,1_14,0.169455087
Tianjin,1999,15_49,0.603559119
Tianjin,1999,50_,0.219303089
Tianjin,2000,0,0.007189454
Tianjin,2000,1_14,0.160453971
Tianjin,2000,15_49,0.611787549
Tianjin,2000,50_,0.220569026
Tianjin,2001,0,0.007094458
Tianjin,2001,1_14,0.152354195
Tianjin,2001,15_49,0.607341092
Tianjin,2001,50_,0.233210255
Tianjin,2002,0,0.006999461
Tianjin,2002,1_14,0.14425442
Tianjin,2002,15_49,0.602894636
Tianjin,2002,50_,0.245851483
Tianjin,2003,0,0.006904465
Tianjin,2003,1_14,0.136154644
Tianjin,2003,15_49,0.598448179
Tianjin,2003,50_,0.258492712
Tianjin,2004,0,0.006809468
Tianjin,2004,1_14,0.128054868
Tianjin,2004,15_49,0.594001722
Tianjin,2004,50_,0.271133941
Tianjin,2005,0,0.006714472
Tianjin,2005,1_14,0.119955092
Tianjin,2005,15_49,0.589555266
Tianjin,2005,50_,0.28377517
Tianjin,2006,0,0.0066371
Tianjin,2006,1_14,0.114291999
Tianjin,2006,15_49,0.596374864
Tianjin,2006,50_,0.282696038
Tianjin,2007,0,0.006559727
Tianjin,2007,1_14,0.108628906
Tianjin,2007,15_49,0.603194461
Tianjin,2007,50_,0.281616906
Tianjin,2008,0,0.006482355
Tianjin,2008,1_14,0.102965813
Tianjin,2008,15_49,0.610014059
Tianjin,2008,50_,0.280537773
Tianjin,2009,0,0.006404982
Tianjin,2009,1_14,0.09730272
Tianjin,2009,15_49,0.616833657
Tianjin,2009,50_,0.279458641
Tianjin,2010,0,0.00632761
Tianjin,2010,1_14,0.091639627
Tianjin,2010,15_49,0.623653255
Tianjin,2010,50_,0.278379509
Tianjin,2011,0,0.006458247
Tianjin,2011,1_14,0.092179484
Tianjin,2011,15_49,0.61405518
Tianjin,2011,50_,0.287307089
Tianjin,2012,0,0.006588884
Tianjin,2012,1_14,0.092719341
Tianjin,2012,15_49,0.604457106
Tianjin,2012,50_,0.296234668
Tianjin,2013,0,0.006719521
Tianjin,2013,1_14,0.093259199
Tianjin,2013,15_49,0.594859032
Tianjin,2013,50_,0.305162248
Tianjin,2014,0,0.006850158
Tianjin,2014,1_14,0.093799056
Tianjin,2014,15_49,0.585260957
Tianjin,2014,50_,0.314089828
Hebei,1990,0,0.011719204
Hebei,1990,1_14,0.27865614
Hebei,1990,15_49,0.543879332
Hebei,1990,50_,0.165745324
Hebei,1991,0,0.011719204
Hebei,1991,1_14,0.277437334
Hebei,1991,15_49,0.543516374
Hebei,1991,50_,0.167327087
Hebei,1992,0,0.011719204
Hebei,1992,1_14,0.276218528
Hebei,1992,15_49,0.543153417
Hebei,1992,50_,0.168908851
Hebei,1993,0,0.011719204
Hebei,1993,1_14,0.274999723
Hebei,1993,15_49,0.542790459
Hebei,1993,50_,0.170490614
Hebei,1994,0,0.011719204
Hebei,1994,1_14,0.273780917
Hebei,1994,15_49,0.542427501
Hebei,1994,50_,0.172072378
Hebei,1995,0,0.011719204
Hebei,1995,1_14,0.272562111
Hebei,1995,15_49,0.542064543
Hebei,1995,50_,0.173654142
Hebei,1996,0,0.011621174
Hebei,1996,1_14,0.261364125
Hebei,1996,15_49,0.549244478
Hebei,1996,50_,0.177770223
Hebei,1997,0,0.011523144
Hebei,1997,1_14,0.250166139
Hebei,1997,15_49,0.556424413
Hebei,1997,50_,0.181886304
Hebei,1998,0,0.011425115
Hebei,1998,1_14,0.238968152
Hebei,1998,15_49,0.563604347
Hebei,1998,50_,0.186002386
Hebei,1999,0,0.011327085
Hebei,1999,1_14,0.227770166
Hebei,1999,15_49,0.570784282
Hebei,1999,50_,0.190118467
Hebei,2000,0,0.011229055
Hebei,2000,1_14,0.21657218
Hebei,2000,15_49,0.577964217
Hebei,2000,50_,0.194234548
Hebei,2001,0,0.01152411
Hebei,2001,1_14,0.206065819
Hebei,2001,15_49,0.576351322
Hebei,2001,50_,0.206058748
Hebei,2002,0,0.011819166
Hebei,2002,1_14,0.195559459
Hebei,2002,15_49,0.574738427
Hebei,2002,50_,0.217882949
Hebei,2003,0,0.012114221
Hebei,2003,1_14,0.185053098
Hebei,2003,15_49,0.573125532
Hebei,2003,50_,0.229707149
Hebei,2004,0,0.012409277
Hebei,2004,1_14,0.174546738
Hebei,2004,15_49,0.571512637
Hebei,2004,50_,0.241531349
Hebei,2005,0,0.012704332
Hebei,2005,1_14,0.164040377
Hebei,2005,15_49,0.569899742
Hebei,2005,50_,0.253355549
Hebei,2006,0,0.01261341
Hebei,2006,1_14,0.162442286
Hebei,2006,15_49,0.569530831
Hebei,2006,50_,0.255413472
Hebei,2007,0,0.012522488
Hebei,2007,1_14,0.160844196
Hebei,2007,15_49,0.569161921
Hebei,2007,50_,0.257471395
Hebei,2008,0,0.012431565
Hebei,2008,1_14,0.159246105
Hebei,2008,15_49,0.568793011
Hebei,2008,50_,0.259529318
Hebei,2009,0,0.012340643
Hebei,2009,1_14,0.157648014
Hebei,2009,15_49,0.568424101
Hebei,2009,50_,0.261587241
Hebei,2010,0,0.012249721
Hebei,2010,1_14,0.156049924
Hebei,2010,15_49,0.568055191
Hebei,2010,50_,0.263645164
Hebei,2011,0,0.011936094
Hebei,2011,1_14,0.159163113
Hebei,2011,15_49,0.556899801
Hebei,2011,50_,0.272000992
Hebei,2012,0,0.011622467
Hebei,2012,1_14,0.162276301
Hebei,2012,15_49,0.545744412
Hebei,2012,50_,0.28035682
Hebei,2013,0,0.01130884
Hebei,2013,1_14,0.16538949
Hebei,2013,15_49,0.534589022
Hebei,2013,50_,0.288712648
Hebei,2014,0,0.010995213
Hebei,2014,1_14,0.168502679
Hebei,2014,15_49,0.523433632
Hebei,2014,50_,0.297068476
Shanxi,1990,0,0.016294508
Shanxi,1990,1_14,0.265178086
Shanxi,1990,15_49,0.558302131
Shanxi,1990,50_,0.160225275
Shanxi,1991,0,0.016294508
Shanxi,1991,1_14,0.265659991
Shanxi,1991,15_49,0.556562807
Shanxi,1991,50_,0.161482693
Shanxi,1992,0,0.016294508
Shanxi,1992,1_14,0.266141896
Shanxi,1992,15_49,0.554823484
Shanxi,1992,50_,0.162740112
Shanxi,1993,0,0.016294508
Shanxi,1993,1_14,0.266623801
Shanxi,1993,15_49,0.55308416
Shanxi,1993,50_,0.163997531
Shanxi,1994,0,0.016294508
Shanxi,1994,1_14,0.267105705
Shanxi,1994,15_49,0.551344837
Shanxi,1994,50_,0.16525495
Shanxi,1995,0,0.016294508
Shanxi,1995,1_14,0.26758761
Shanxi,1995,15_49,0.549605513
Shanxi,1995,50_,0.166512369
Shanxi,1996,0,0.015665041
Shanxi,1996,1_14,0.262903219
Shanxi,1996,15_49,0.55330514
Shanxi,1996,50_,0.168126601
Shanxi,1997,0,0.015035574
Shanxi,1997,1_14,0.258218827
Shanxi,1997,15_49,0.557004767
Shanxi,1997,50_,0.169740833
Shanxi,1998,0,0.014406106
Shanxi,1998,1_14,0.253534436
Shanxi,1998,15_49,0.560704393
Shanxi,1998,50_,0.171355064
Shanxi,1999,0,0.013776639
Shanxi,1999,1_14,0.248850044
Shanxi,1999,15_49,0.56440402
Shanxi,1999,50_,0.172969296
Shanxi,2000,0,0.013147172
Shanxi,2000,1_14,0.244165653
Shanxi,2000,15_49,0.568103647
Shanxi,2000,50_,0.174583528
Shanxi,2001,0,0.012770859
Shanxi,2001,1_14,0.235670288
Shanxi,2001,15_49,0.566613881
Shanxi,2001,50_,0.184944973
Shanxi,2002,0,0.012394546
Shanxi,2002,1_14,0.227174923
Shanxi,2002,15_49,0.565124114
Shanxi,2002,50_,0.195306417
Shanxi,2003,0,0.012018233
Shanxi,2003,1_14,0.218679558
Shanxi,2003,15_49,0.563634348
Shanxi,2003,50_,0.205667861
Shanxi,2004,0,0.01164192
Shanxi,2004,1_14,0.210184193
Shanxi,2004,15_49,0.562144581
Shanxi,2004,50_,0.216029305
Shanxi,2005,0,0.011265608
Shanxi,2005,1_14,0.201688828
Shanxi,2005,15_49,0.560654815
Shanxi,2005,50_,0.22639075
Shanxi,2006,0,0.010948984
Shanxi,2006,1_14,0.193610346
Shanxi,2006,15_49,0.566768752
Shanxi,2006,50_,0.228671919
Shanxi,2007,0,0.01063236
Shanxi,2007,1_14,0.185531864
Shanxi,2007,15_49,0.572882688
Shanxi,2007,50_,0.230953088
Shanxi,2008,0,0.010315736
Shanxi,2008,1_14,0.177453382
Shanxi,2008,15_49,0.578996625
Shanxi,2008,50_,0.233234257
Shanxi,2009,0,0.009999112
Shanxi,2009,1_14,0.169374901
Shanxi,2009,15_49,0.585110562
Shanxi,2009,50_,0.235515426
Shanxi,2010,0,0.009682488
Shanxi,2010,1_14,0.161296419
Shanxi,2010,15_49,0.591224498
Shanxi,2010,50_,0.237796594
Shanxi,2011,0,0.009680697
Shanxi,2011,1_14,0.157200832
Shanxi,2011,15_49,0.585495314
Shanxi,2011,50_,0.247623156
Shanxi,2012,0,0.009678906
Shanxi,2012,1_14,0.153105245
Shanxi,2012,15_49,0.579766131
Shanxi,2012,50_,0.257449718
Shanxi,2013,0,0.009677115
Shanxi,2013,1_14,0.149009658
Shanxi,2013,15_49,0.574036947
Shanxi,2013,50_,0.26727628
Shanxi,2014,0,0.009675325
Shanxi,2014,1_14,0.144914071
Shanxi,2014,15_49,0.568307763
Shanxi,2014,50_,0.277102842
Neimenggu,1990,0,0.015043611
Neimenggu,1990,1_14,0.269425565
Neimenggu,1990,15_49,0.576195075
Neimenggu,1990,50_,0.139335749
Neimenggu,1991,0,0.015043611
Neimenggu,1991,1_14,0.265251627
Neimenggu,1991,15_49,0.577585338
Neimenggu,1991,50_,0.142119425
Neimenggu,1992,0,0.015043611
Neimenggu,1992,1_14,0.261077688
Neimenggu,1992,15_49,0.5789756
Neimenggu,1992,50_,0.1449031
Neimenggu,1993,0,0.015043611
Neimenggu,1993,1_14,0.25690375
Neimenggu,1993,15_49,0.580365863
Neimenggu,1993,50_,0.147686776
Neimenggu,1994,0,0.015043611
Neimenggu,1994,1_14,0.252729811
Neimenggu,1994,15_49,0.581756125
Neimenggu,1994,50_,0.150470452
Neimenggu,1995,0,0.015043611
Neimenggu,1995,1_14,0.248555873
Neimenggu,1995,15_49,0.583146388
Neimenggu,1995,50_,0.153254128
Neimenggu,1996,0,0.013988759
Neimenggu,1996,1_14,0.239357932
Neimenggu,1996,15_49,0.590511338
Neimenggu,1996,50_,0.156141971
Neimenggu,1997,0,0.012933908
Neimenggu,1997,1_14,0.23015999
Neimenggu,1997,15_49,0.597876288
Neimenggu,1997,50_,0.159029814
Neimenggu,1998,0,0.011879056
Neimenggu,1998,1_14,0.220962049
Neimenggu,1998,15_49,0.605241238
Neimenggu,1998,50_,0.161917656
Neimenggu,1999,0,0.010824204
Neimenggu,1999,1_14,0.211764108
Neimenggu,1999,15_49,0.612606189
Neimenggu,1999,50_,0.164805499
Neimenggu,2000,0,0.009769353
Neimenggu,2000,1_14,0.202566167
Neimenggu,2000,15_49,0.619971139
Neimenggu,2000,50_,0.167693342
Neimenggu,2001,0,0.009664889
Neimenggu,2001,1_14,0.194319739
Neimenggu,2001,15_49,0.615443172
Neimenggu,2001,50_,0.180572199
Neimenggu,2002,0,0.009560426
Neimenggu,2002,1_14,0.186073312
Neimenggu,2002,15_49,0.610915206
Neimenggu,2002,50_,0.193451056
Neimenggu,2003,0,0.009455963
Neimenggu,2003,1_14,0.177826885
Neimenggu,2003,15_49,0.60638724
Neimenggu,2003,50_,0.206329913
Neimenggu,2004,0,0.009351499
Neimenggu,2004,1_14,0.169580457
Neimenggu,2004,15_49,0.601859274
Neimenggu,2004,50_,0.21920877
Neimenggu,2005,0,0.009247036
Neimenggu,2005,1_14,0.16133403
Neimenggu,2005,15_49,0.597331307
Neimenggu,2005,50_,0.232087627
Neimenggu,2006,0,0.009050253
Neimenggu,2006,1_14,0.155556671
Neimenggu,2006,15_49,0.599818786
Neimenggu,2006,50_,0.23557429
Neimenggu,2007,0,0.008853469
Neimenggu,2007,1_14,0.149779313
Neimenggu,2007,15_49,0.602306265
Neimenggu,2007,50_,0.239060953
Neimenggu,2008,0,0.008656685
Neimenggu,2008,1_14,0.144001955
Neimenggu,2008,15_49,0.604793744
Neimenggu,2008,50_,0.242547616
Neimenggu,2009,0,0.008459902
Neimenggu,2009,1_14,0.138224596
Neimenggu,2009,15_49,0.607281223
Neimenggu,2009,50_,0.246034279
Neimenggu,2010,0,0.008263118
Neimenggu,2010,1_14,0.132447238
Neimenggu,2010,15_49,0.609768702
Neimenggu,2010,50_,0.249520942
Neimenggu,2011,0,0.007977921
Neimenggu,2011,1_14,0.130730356
Neimenggu,2011,15_49,0.599975732
Neimenggu,2011,50_,0.261315991
Neimenggu,2012,0,0.007692724
Neimenggu,2012,1_14,0.129013473
Neimenggu,2012,15_49,0.590182761
Neimenggu,2012,50_,0.273111041
Neimenggu,2013,0,0.007407527
Neimenggu,2013,1_14,0.127296591
Neimenggu,2013,15_49,0.580389791
Neimenggu,2013,50_,0.28490609
Neimenggu,2014,0,0.007122331
Neimenggu,2014,1_14,0.125579709
Neimenggu,2014,15_49,0.570596821
Neimenggu,2014,50_,0.29670114
Liaoning,1990,0,0.012067865
Liaoning,1990,1_14,0.220132111
Liaoning,1990,15_49,0.595977506
Liaoning,1990,50_,0.171822518
Liaoning,1991,0,0.012067865
Liaoning,1991,1_14,0.216446295
Liaoning,1991,15_49,0.594570061
Liaoning,1991,50_,0.17691578
Liaoning,1992,0,0.012067865
Liaoning,1992,1_14,0.212760478
Liaoning,1992,15_49,0.593162616
Liaoning,1992,50_,0.182009041
Liaoning,1993,0,0.012067865
Liaoning,1993,1_14,0.209074662
Liaoning,1993,15_49,0.591755172
Liaoning,1993,50_,0.187102302
Liaoning,1994,0,0.012067865
Liaoning,1994,1_14,0.205388845
Liaoning,1994,15_49,0.590347727
Liaoning,1994,50_,0.192195563
Liaoning,1995,0,0.012067865
Liaoning,1995,1_14,0.201703028
Liaoning,1995,15_49,0.588940282
Liaoning,1995,50_,0.197288824
Liaoning,1996,0,0.011335262
Liaoning,1996,1_14,0.195034179
Liaoning,1996,15_49,0.593052326
Liaoning,1996,50_,0.200578233
Liaoning,1997,0,0.01060266
Liaoning,1997,1_14,0.188365329
Liaoning,1997,15_49,0.597164369
Liaoning,1997,50_,0.203867642
Liaoning,1998,0,0.009870057
Liaoning,1998,1_14,0.18169648
Liaoning,1998,15_49,0.601276413
Liaoning,1998,50_,0.20715705
Liaoning,1999,0,0.009137455
Liaoning,1999,1_14,0.17502763
Liaoning,1999,15_49,0.605388456
Liaoning,1999,50_,0.210446459
Liaoning,2000,0,0.008404852
Liaoning,2000,1_14,0.168358781
Liaoning,2000,15_49,0.609500499
Liaoning,2000,50_,0.213735868
Liaoning,2001,0,0.00818076
Liaoning,2001,1_14,0.161709069
Liaoning,2001,15_49,0.60198179
Liaoning,2001,50_,0.228128381
Liaoning,2002,0,0.007956667
Liaoning,2002,1_14,0.155059358
Liaoning,2002,15_49,0.594463081
Liaoning,2002,50_,0.242520894
Liaoning,2003,0,0.007732575
Liaoning,2003,1_14,0.148409646
Liaoning,2003,15_49,0.586944372
Liaoning,2003,50_,0.256913407
Liaoning,2004,0,0.007508483
Liaoning,2004,1_14,0.141759935
Liaoning,2004,15_49,0.579425662
Liaoning,2004,50_,0.27130592
Liaoning,2005,0,0.00728439
Liaoning,2005,1_14,0.135110223
Liaoning,2005,15_49,0.571906953
Liaoning,2005,50_,0.285698433
Liaoning,2006,0,0.007035577
Liaoning,2006,1_14,0.129725357
Liaoning,2006,15_49,0.570179035
Liaoning,2006,50_,0.293060031
Liaoning,2007,0,0.006786764
Liaoning,2007,1_14,0.124340491
Liaoning,2007,15_49,0.568451117
Liaoning,2007,50_,0.300421628
Liaoning,2008,0,0.006537951
Liaoning,2008,1_14,0.118955625
Liaoning,2008,15_49,0.566723199
Liaoning,2008,50_,0.307783225
Liaoning,2009,0,0.006289138
Liaoning,2009,1_14,0.113570759
Liaoning,2009,15_49,0.564995281
Liaoning,2009,50_,0.315144822
Liaoning,2010,0,0.006040325
Liaoning,2010,1_14,0.108185893
Liaoning,2010,15_49,0.563267363
Liaoning,2010,50_,0.32250642
Liaoning,2011,0,0.005784585
Liaoning,2011,1_14,0.106811029
Liaoning,2011,15_49,0.552388117
Liaoning,2011,50_,0.335016269
Liaoning,2012,0,0.005528845
Liaoning,2012,1_14,0.105436166
Liaoning,2012,15_49,0.541508871
Liaoning,2012,50_,0.347526118
Liaoning,2013,0,0.005273105
Liaoning,2013,1_14,0.104061303
Liaoning,2013,15_49,0.530629625
Liaoning,2013,50_,0.360035967
Liaoning,2014,0,0.005017365
Liaoning,2014,1_14,0.10268644
Liaoning,2014,15_49,0.519750379
Liaoning,2014,50_,0.372545816
Jilin,1990,0,0.012544729
Jilin,1990,1_14,0.249044076
Jilin,1990,15_49,0.593988513
Jilin,1990,50_,0.144422682
Jilin,1991,0,0.012544729
Jilin,1991,1_14,0.242649465
Jilin,1991,15_49,0.595520541
Jilin,1991,50_,0.149285265
Jilin,1992,0,0.012544729
Jilin,1992,1_14,0.236254855
Jilin,1992,15_49,0.597052568
Jilin,1992,50_,0.154147848
Jilin,1993,0,0.012544729
Jilin,1993,1_14,0.229860244
Jilin,1993,15_49,0.598584595
Jilin,1993,50_,0.159010431
Jilin,1994,0,0.012544729
Jilin,1994,1_14,0.223465634
Jilin,1994,15_49,0.600116623
Jilin,1994,50_,0.163873015
Jilin,1995,0,0.012544729
Jilin,1995,1_14,0.217071023
Jilin,1995,15_49,0.60164865
Jilin,1995,50_,0.168735598
Jilin,1996,0,0.01174039
Jilin,1996,1_14,0.209798655
Jilin,1996,15_49,0.606668807
Jilin,1996,50_,0.171792148
Jilin,1997,0,0.010936051
Jilin,1997,1_14,0.202526286
Jilin,1997,15_49,0.611688963
Jilin,1997,50_,0.174848699
Jilin,1998,0,0.010131712
Jilin,1998,1_14,0.195253918
Jilin,1998,15_49,0.61670912
Jilin,1998,50_,0.17790525
Jilin,1999,0,0.009327373
Jilin,1999,1_14,0.18798155
Jilin,1999,15_49,0.621729276
Jilin,1999,50_,0.180961801
Jilin,2000,0,0.008523035
Jilin,2000,1_14,0.180709182
Jilin,2000,15_49,0.626749433
Jilin,2000,50_,0.184018351
Jilin,2001,0,0.008395552
Jilin,2001,1_14,0.171965368
Jilin,2001,15_49,0.621949175
Jilin,2001,50_,0.197689905
Jilin,2002,0,0.00826807
Jilin,2002,1_14,0.163221554
Jilin,2002,15_49,0.617148918
Jilin,2002,50_,0.211361458
Jilin,2003,0,0.008140588
Jilin,2003,1_14,0.15447774
Jilin,2003,15_49,0.612348661
Jilin,2003,50_,0.225033011
Jilin,2004,0,0.008013106
Jilin,2004,1_14,0.145733926
Jilin,2004,15_49,0.607548404
Jilin,2004,50_,0.238704565
Jilin,2005,0,0.007885624
Jilin,2005,1_14,0.136990112
Jilin,2005,15_49,0.602748147
Jilin,2005,50_,0.252376118
Jilin,2006,0,0.007598509
Jilin,2006,1_14,0.132281515
Jilin,2006,15_49,0.60152239
Jilin,2006,50_,0.258597586
Jilin,2007,0,0.007311394
Jilin,2007,1_14,0.127572918
Jilin,2007,15_49,0.600296633
Jilin,2007,50_,0.264819055
Jilin,2008,0,0.007024279
Jilin,2008,1_14,0.122864321
Jilin,2008,15_49,0.599070877
Jilin,2008,50_,0.271040524
Jilin,2009,0,0.006737164
Jilin,2009,1_14,0.118155724
Jilin,2009,15_49,0.59784512
Jilin,2009,50_,0.277261992
Jilin,2010,0,0.006450049
Jilin,2010,1_14,0.113447127
Jilin,2010,15_49,0.596619363
Jilin,2010,50_,0.283483461
Jilin,2011,0,0.00608651
Jilin,2011,1_14,0.113799045
Jilin,2011,15_49,0.584570034
Jilin,2011,50_,0.295544411
Jilin,2012,0,0.00572297
Jilin,2012,1_14,0.114150963
Jilin,2012,15_49,0.572520704
Jilin,2012,50_,0.307605362
Jilin,2013,0,0.005359431
Jilin,2013,1_14,0.114502881
Jilin,2013,15_49,0.560471375
Jilin,2013,50_,0.319666313
Jilin,2014,0,0.004995892
Jilin,2014,1_14,0.114854799
Jilin,2014,15_49,0.548422046
Jilin,2014,50_,0.331727263
Heilongjiang,1990,0,0.012931136
Heilongjiang,1990,1_14,0.253090646
Heilongjiang,1990,15_49,0.598405858
Heilongjiang,1990,50_,0.13557236
Heilongjiang,1991,0,0.012931136
Heilongjiang,1991,1_14,0.246795916
Heilongjiang,1991,15_49,0.600895311
Heilongjiang,1991,50_,0.139377636
Heilongjiang,1992,0,0.012931136
Heilongjiang,1992,1_14,0.240501186
Heilongjiang,1992,15_49,0.603384764
Heilongjiang,1992,50_,0.143182913
Heilongjiang,1993,0,0.012931136
Heilongjiang,1993,1_14,0.234206456
Heilongjiang,1993,15_49,0.605874218
Heilongjiang,1993,50_,0.14698819
Heilongjiang,1994,0,0.012931136
Heilongjiang,1994,1_14,0.227911726
Heilongjiang,1994,15_49,0.608363671
Heilongjiang,1994,50_,0.150793467
Heilongjiang,1995,0,0.012931136
Heilongjiang,1995,1_14,0.221616996
Heilongjiang,1995,15_49,0.610853124
Heilongjiang,1995,50_,0.154598744
Heilongjiang,1996,0,0.011955017
Heilongjiang,1996,1_14,0.213462164
Heilongjiang,1996,15_49,0.615073442
Heilongjiang,1996,50_,0.159509377
Heilongjiang,1997,0,0.010978897
Heilongjiang,1997,1_14,0.205307332
Heilongjiang,1997,15_49,0.61929376
Heilongjiang,1997,50_,0.164420011
Heilongjiang,1998,0,0.010002778
Heilongjiang,1998,1_14,0.1971525
Heilongjiang,1998,15_49,0.623514078
Heilongjiang,1998,50_,0.169330644
Heilongjiang,1999,0,0.009026658
Heilongjiang,1999,1_14,0.188997668
Heilongjiang,1999,15_49,0.627734397
Heilongjiang,1999,50_,0.174241278
Heilongjiang,2000,0,0.008050538
Heilongjiang,2000,1_14,0.180842836
Heilongjiang,2000,15_49,0.631954715
Heilongjiang,2000,50_,0.179151911
Heilongjiang,2001,0,0.008008709
Heilongjiang,2001,1_14,0.172721732
Heilongjiang,2001,15_49,0.626362348
Heilongjiang,2001,50_,0.192907211
Heilongjiang,2002,0,0.00796688
Heilongjiang,2002,1_14,0.164600629
Heilongjiang,2002,15_49,0.620769981
Heilongjiang,2002,50_,0.20666251
Heilongjiang,2003,0,0.007925051
Heilongjiang,2003,1_14,0.156479525
Heilongjiang,2003,15_49,0.615177614
Heilongjiang,2003,50_,0.22041781
Heilongjiang,2004,0,0.007883222
Heilongjiang,2004,1_14,0.148358422
Heilongjiang,2004,15_49,0.609585247
Heilongjiang,2004,50_,0.234173109
Heilongjiang,2005,0,0.007841392
Heilongjiang,2005,1_14,0.140237318
Heilongjiang,2005,15_49,0.60399288
Heilongjiang,2005,50_,0.247928409
Heilongjiang,2006,0,0.007571219
Heilongjiang,2006,1_14,0.134770447
Heilongjiang,2006,15_49,0.603504903
Heilongjiang,2006,50_,0.254153431
Heilongjiang,2007,0,0.007301046
Heilongjiang,2007,1_14,0.129303575
Heilongjiang,2007,15_49,0.603016926
Heilongjiang,2007,50_,0.260378453
Heilongjiang,2008,0,0.007030873
Heilongjiang,2008,1_14,0.123836703
Heilongjiang,2008,15_49,0.602528949
Heilongjiang,2008,50_,0.266603475
Heilongjiang,2009,0,0.0067607
Heilongjiang,2009,1_14,0.118369832
Heilongjiang,2009,15_49,0.602040971
Heilongjiang,2009,50_,0.272828497
Heilongjiang,2010,0,0.006490527
Heilongjiang,2010,1_14,0.11290296
Heilongjiang,2010,15_49,0.601552994
Heilongjiang,2010,50_,0.279053519
Heilongjiang,2011,0,0.005943558
Heilongjiang,2011,1_14,0.110719465
Heilongjiang,2011,15_49,0.59027459
Heilongjiang,2011,50_,0.293062387
Heilongjiang,2012,0,0.005396589
Heilongjiang,2012,1_14,0.108535969
Heilongjiang,2012,15_49,0.578996186
Heilongjiang,2012,50_,0.307071255
Heilongjiang,2013,0,0.00484962
Heilongjiang,2013,1_14,0.106352474
Heilongjiang,2013,15_49,0.567717782
Heilongjiang,2013,50_,0.321080124
Heilongjiang,2014,0,0.004302651
Heilongjiang,2014,1_14,0.104168979
Heilongjiang,2014,15_49,0.556439379
Heilongjiang,2014,50_,0.335088992
Shanghai,1990,0,0.00606921
Shanghai,1990,1_14,0.176201887
Shanghai,1990,15_49,0.574593767
Shanghai,1990,50_,0.243135136
Shanghai,1991,0,0.00606921
Shanghai,1991,1_14,0.174032873
Shanghai,1991,15_49,0.574073785
Shanghai,1991,50_,0.245824133
Shanghai,1992,0,0.00606921
Shanghai,1992,1_14,0.171863858
Shanghai,1992,15_49,0.573553802
Shanghai,1992,50_,0.24851313
Shanghai,1993,0,0.00606921
Shanghai,1993,1_14,0.169694844
Shanghai,1993,15_49,0.57303382
Shanghai,1993,50_,0.251202127
Shanghai,1994,0,0.00606921
Shanghai,1994,1_14,0.167525829
Shanghai,1994,15_49,0.572513838
Shanghai,1994,50_,0.253891124
Shanghai,1995,0,0.00606921
Shanghai,1995,1_14,0.165356815
Shanghai,1995,15_49,0.571993855
Shanghai,1995,50_,0.25658012
Shanghai,1996,0,0.005954739
Shanghai,1996,1_14,0.155698045
Shanghai,1996,15_49,0.581867406
Shanghai,1996,50_,0.25647981
Shanghai,1997,0,0.005840269
Shanghai,1997,1_14,0.146039275
Shanghai,1997,15_49,0.591740957
Shanghai,1997,50_,0.256379499
Shanghai,1998,0,0.005725799
Shanghai,1998,1_14,0.136380505
Shanghai,1998,15_49,0.601614508
Shanghai,1998,50_,0.256279188
Shanghai,1999,0,0.005611329
Shanghai,1999,1_14,0.126721735
Shanghai,1999,15_49,0.611488058
Shanghai,1999,50_,0.256178877
Shanghai,2000,0,0.005496859
Shanghai,2000,1_14,0.117062966
Shanghai,2000,15_49,0.621361609
Shanghai,2000,50_,0.256078566
Shanghai,2001,0,0.005670496
Shanghai,2001,1_14,0.110377092
Shanghai,2001,15_49,0.617058864
Shanghai,2001,50_,0.266893548
Shanghai,2002,0,0.005844132
Shanghai,2002,1_14,0.103691218
Shanghai,2002,15_49,0.612756119
Shanghai,2002,50_,0.27770853
Shanghai,2003,0,0.006017769
Shanghai,2003,1_14,0.097005345
Shanghai,2003,15_49,0.608453375
Shanghai,2003,50_,0.288523511
Shanghai,2004,0,0.006191406
Shanghai,2004,1_14,0.090319471
Shanghai,2004,15_49,0.60415063
Shanghai,2004,50_,0.299338493
Shanghai,2005,0,0.006365042
Shanghai,2005,1_14,0.083633598
Shanghai,2005,15_49,0.599847885
Shanghai,2005,50_,0.310153475
Shanghai,2006,0,0.006206078
Shanghai,2006,1_14,0.083020708
Shanghai,2006,15_49,0.601868233
Shanghai,2006,50_,0.308904981
Shanghai,2007,0,0.006047114
Shanghai,2007,1_14,0.082407818
Shanghai,2007,15_49,0.603888581
Shanghai,2007,50_,0.307656487
Shanghai,2008,0,0.005888149
Shanghai,2008,1_14,0.081794928
Shanghai,2008,15_49,0.60590893
Shanghai,2008,50_,0.306407993
Shanghai,2009,0,0.005729185
Shanghai,2009,1_14,0.081182038
Shanghai,2009,15_49,0.607929278
Shanghai,2009,50_,0.305159499
Shanghai,2010,0,0.005570221
Shanghai,2010,1_14,0.080569148
Shanghai,2010,15_49,0.609949626
Shanghai,2010,50_,0.303911005
Shanghai,2011,0,0.005765414
Shanghai,2011,1_14,0.081829997
Shanghai,2011,15_49,0.600202252
Shanghai,2011,50_,0.312202337
Shanghai,2012,0,0.005960608
Shanghai,2012,1_14,0.083090845
Shanghai,2012,15_49,0.590454878
Shanghai,2012,50_,0.320493668
Shanghai,2013,0,0.006155802
Shanghai,2013,1_14,0.084351694
Shanghai,2013,15_49,0.580707504
Shanghai,2013,50_,0.328784999
Shanghai,2014,0,0.006350996
Shanghai,2014,1_14,0.085612543
Shanghai,2014,15_49,0.57096013
Shanghai,2014,50_,0.33707633
Jiangsu,1990,0,0.011859718
Jiangsu,1990,1_14,0.225605746
Jiangsu,1990,15_49,0.575068585
Jiangsu,1990,50_,0.187465951
Jiangsu,1991,0,0.011859718
Jiangsu,1991,1_14,0.222320557
Jiangsu,1991,15_49,0.573610639
Jiangsu,1991,50_,0.192209086
Jiangsu,1992,0,0.011859718
Jiangsu,1992,1_14,0.219035368
Jiangsu,1992,15_49,0.572152692
Jiangsu,1992,50_,0.196952221
Jiangsu,1993,0,0.011859718
Jiangsu,1993,1_14,0.215750179
Jiangsu,1993,15_49,0.570694746
Jiangsu,1993,50_,0.201695357
Jiangsu,1994,0,0.011859718
Jiangsu,1994,1_14,0.21246499
Jiangsu,1994,15_49,0.5692368
Jiangsu,1994,50_,0.206438492
Jiangsu,1995,0,0.011859718
Jiangsu,1995,1_14,0.209179801
Jiangsu,1995,15_49,0.567778853
Jiangsu,1995,50_,0.211181627
Jiangsu,1996,0,0.011064499
Jiangsu,1996,1_14,0.205036793
Jiangsu,1996,15_49,0.569160381
Jiangsu,1996,50_,0.214738327
Jiangsu,1997,0,0.01026928
Jiangsu,1997,1_14,0.200893784
Jiangsu,1997,15_49,0.570541909
Jiangsu,1997,50_,0.218295028
Jiangsu,1998,0,0.009474061
Jiangsu,1998,1_14,0.196750775
Jiangsu,1998,15_49,0.571923436
Jiangsu,1998,50_,0.221851728
Jiangsu,1999,0,0.008678842
Jiangsu,1999,1_14,0.192607766
Jiangsu,1999,15_49,0.573304964
Jiangsu,1999,50_,0.225408428
Jiangsu,2000,0,0.007883623
Jiangsu,2000,1_14,0.188464757
Jiangsu,2000,15_49,0.574686492
Jiangsu,2000,50_,0.228965129
Jiangsu,2001,0,0.008137404
Jiangsu,2001,1_14,0.180013215
Jiangsu,2001,15_49,0.569396443
Jiangsu,2001,50_,0.242452938
Jiangsu,2002,0,0.008391186
Jiangsu,2002,1_14,0.171561673
Jiangsu,2002,15_49,0.564106394
Jiangsu,2002,50_,0.255940747
Jiangsu,2003,0,0.008644968
Jiangsu,2003,1_14,0.16311013
Jiangsu,2003,15_49,0.558816345
Jiangsu,2003,50_,0.269428556
Jiangsu,2004,0,0.00889875
Jiangsu,2004,1_14,0.154658588
Jiangsu,2004,15_49,0.553526296
Jiangsu,2004,50_,0.282916366
Jiangsu,2005,0,0.009152532
Jiangsu,2005,1_14,0.146207046
Jiangsu,2005,15_49,0.548236248
Jiangsu,2005,50_,0.296404175
Jiangsu,2006,0,0.009061097
Jiangsu,2006,1_14,0.141245791
Jiangsu,2006,15_49,0.554236824
Jiangsu,2006,50_,0.295456288
Jiangsu,2007,0,0.008969662
Jiangsu,2007,1_14,0.136284536
Jiangsu,2007,15_49,0.5602374
Jiangsu,2007,50_,0.294508401
Jiangsu,2008,0,0.008878227
Jiangsu,2008,1_14,0.131323282
Jiangsu,2008,15_49,0.566237976
Jiangsu,2008,50_,0.293560515
Jiangsu,2009,0,0.008786792
Jiangsu,2009,1_14,0.126362027
Jiangsu,2009,15_49,0.572238553
Jiangsu,2009,50_,0.292612628
Jiangsu,2010,0,0.008695357
Jiangsu,2010,1_14,0.121400772
Jiangsu,2010,15_49,0.578239129
Jiangsu,2010,50_,0.291664741
Jiangsu,2011,0,0.008693818
Jiangsu,2011,1_14,0.122502929
Jiangsu,2011,15_49,0.569547811
Jiangsu,2011,50_,0.299255441
Jiangsu,2012,0,0.008692279
Jiangsu,2012,1_14,0.123605086
Jiangsu,2012,15_49,0.560856494
Jiangsu,2012,50_,0.306846142
Jiangsu,2013,0,0.008690739
Jiangsu,2013,1_14,0.124707242
Jiangsu,2013,15_49,0.552165177
Jiangsu,2013,50_,0.314436842
Jiangsu,2014,0,0.0086892
Jiangsu,2014,1_14,0.125809399
Jiangsu,2014,15_49,0.543473859
Jiangsu,2014,50_,0.322027542
Zhejiang,1990,0,0.012460842
Zhejiang,1990,1_14,0.220424008
Zhejiang,1990,15_49,0.578415561
Zhejiang,1990,50_,0.188699589
Zhejiang,1991,0,0.012460842
Zhejiang,1991,1_14,0.217331576
Zhejiang,1991,15_49,0.576671905
Zhejiang,1991,50_,0.193535677
Zhejiang,1992,0,0.012460842
Zhejiang,1992,1_14,0.214239144
Zhejiang,1992,15_49,0.57492825
Zhejiang,1992,50_,0.198371764
Zhejiang,1993,0,0.012460842
Zhejiang,1993,1_14,0.211146712
Zhejiang,1993,15_49,0.573184594
Zhejiang,1993,50_,0.203207852
Zhejiang,1994,0,0.012460842
Zhejiang,1994,1_14,0.20805428
Zhejiang,1994,15_49,0.571440939
Zhejiang,1994,50_,0.208043939
Zhejiang,1995,0,0.012460842
Zhejiang,1995,1_14,0.204961848
Zhejiang,1995,15_49,0.569697283
Zhejiang,1995,50_,0.212880026
Zhejiang,1996,0,0.012005353
Zhejiang,1996,1_14,0.198043148
Zhejiang,1996,15_49,0.576268563
Zhejiang,1996,50_,0.213682936
Zhejiang,1997,0,0.011549864
Zhejiang,1997,1_14,0.191124447
Zhejiang,1997,15_49,0.582839844
Zhejiang,1997,50_,0.214485846
Zhejiang,1998,0,0.011094374
Zhejiang,1998,1_14,0.184205746
Zhejiang,1998,15_49,0.589411124
Zhejiang,1998,50_,0.215288755
Zhejiang,1999,0,0.010638885
Zhejiang,1999,1_14,0.177287046
Zhejiang,1999,15_49,0.595982404
Zhejiang,1999,50_,0.216091665
Zhejiang,2000,0,0.010183396
Zhejiang,2000,1_14,0.170368345
Zhejiang,2000,15_49,0.602553685
Zhejiang,2000,50_,0.216894574
Zhejiang,2001,0,0.010419286
Zhejiang,2001,1_14,0.165822039
Zhejiang,2001,15_49,0.595853119
Zhejiang,2001,50_,0.227905556
Zhejiang,2002,0,0.010655177
Zhejiang,2002,1_14,0.161275733
Zhejiang,2002,15_49,0.589152553
Zhejiang,2002,50_,0.238916538
Zhejiang,2003,0,0.010891067
Zhejiang,2003,1_14,0.156729427
Zhejiang,2003,15_49,0.582451987
Zhejiang,2003,50_,0.24992752
Zhejiang,2004,0,0.011126957
Zhejiang,2004,1_14,0.152183121
Zhejiang,2004,15_49,0.57575142
Zhejiang,2004,50_,0.260938502
Zhejiang,2005,0,0.011362848
Zhejiang,2005,1_14,0.147636815
Zhejiang,2005,15_49,0.569050854
Zhejiang,2005,50_,0.271949483
Zhejiang,2006,0,0.010719109
Zhejiang,2006,1_14,0.142897985
Zhejiang,2006,15_49,0.575927709
Zhejiang,2006,50_,0.270455197
Zhejiang,2007,0,0.01007537
Zhejiang,2007,1_14,0.138159155
Zhejiang,2007,15_49,0.582804564
Zhejiang,2007,50_,0.26896091
Zhejiang,2008,0,0.009431632
Zhejiang,2008,1_14,0.133420326
Zhejiang,2008,15_49,0.589681419
Zhejiang,2008,50_,0.267466623
Zhejiang,2009,0,0.008787893
Zhejiang,2009,1_14,0.128681496
Zhejiang,2009,15_49,0.596558274
Zhejiang,2009,50_,0.265972337
Zhejiang,2010,0,0.008144154
Zhejiang,2010,1_14,0.123942667
Zhejiang,2010,15_49,0.603435129
Zhejiang,2010,50_,0.26447805
Zhejiang,2011,0,0.008209492
Zhejiang,2011,1_14,0.123287945
Zhejiang,2011,15_49,0.594204732
Zhejiang,2011,50_,0.274297831
Zhejiang,2012,0,0.008274829
Zhejiang,2012,1_14,0.122633224
Zhejiang,2012,15_49,0.584974335
Zhejiang,2012,50_,0.284117612
Zhejiang,2013,0,0.008340166
Zhejiang,2013,1_14,0.121978503
Zhejiang,2013,15_49,0.575743938
Zhejiang,2013,50_,0.293937393
Zhejiang,2014,0,0.008405503
Zhejiang,2014,1_14,0.121323782
Zhejiang,2014,15_49,0.566513541
Zhejiang,2014,50_,0.303757175
Anhui,1990,0,0.014913451
Anhui,1990,1_14,0.268982414
Anhui,1990,15_49,0.554084837
Anhui,1990,50_,0.162019298
Anhui,1991,0,0.014913451
Anhui,1991,1_14,0.266863149
Anhui,1991,15_49,0.551644983
Anhui,1991,50_,0.166578418
Anhui,1992,0,0.014913451
Anhui,1992,1_14,0.264743883
Anhui,1992,15_49,0.549205129
Anhui,1992,50_,0.171137537
Anhui,1993,0,0.014913451
Anhui,1993,1_14,0.262624618
Anhui,1993,15_49,0.546765274
Anhui,1993,50_,0.175696657
Anhui,1994,0,0.014913451
Anhui,1994,1_14,0.260505353
Anhui,1994,15_49,0.54432542
Anhui,1994,50_,0.180255776
Anhui,1995,0,0.014913451
Anhui,1995,1_14,0.258386087
Anhui,1995,15_49,0.541885566
Anhui,1995,50_,0.184814896
Anhui,1996,0,0.014219841
Anhui,1996,1_14,0.255403554
Anhui,1996,15_49,0.542080613
Anhui,1996,50_,0.188295993
Anhui,1997,0,0.013526231
Anhui,1997,1_14,0.25242102
Anhui,1997,15_49,0.54227566
Anhui,1997,50_,0.19177709
Anhui,1998,0,0.01283262
Anhui,1998,1_14,0.249438486
Anhui,1998,15_49,0.542470707
Anhui,1998,50_,0.195258187
Anhui,1999,0,0.01213901
Anhui,1999,1_14,0.246455952
Anhui,1999,15_49,0.542665754
Anhui,1999,50_,0.198739284
Anhui,2000,0,0.0114454
Anhui,2000,1_14,0.243473418
Anhui,2000,15_49,0.5428608
Anhui,2000,50_,0.202220382
Anhui,2001,0,0.01159875
Anhui,2001,1_14,0.238520271
Anhui,2001,15_49,0.53392214
Anhui,2001,50_,0.215958839
Anhui,2002,0,0.011752099
Anhui,2002,1_14,0.233567124
Anhui,2002,15_49,0.52498348
Anhui,2002,50_,0.229697297
Anhui,2003,0,0.011905449
Anhui,2003,1_14,0.228613977
Anhui,2003,15_49,0.51604482
Anhui,2003,50_,0.243435755
Anhui,2004,0,0.012058798
Anhui,2004,1_14,0.22366083
Anhui,2004,15_49,0.507106159
Anhui,2004,50_,0.257174213
Anhui,2005,0,0.012212148
Anhui,2005,1_14,0.218707682
Anhui,2005,15_49,0.498167499
Anhui,2005,50_,0.270912671
Anhui,2006,0,0.012284855
Anhui,2006,1_14,0.208000767
Anhui,2006,15_49,0.512122958
Anhui,2006,50_,0.267591421
Anhui,2007,0,0.012357562
Anhui,2007,1_14,0.197293851
Anhui,2007,15_49,0.526078417
Anhui,2007,50_,0.26427017
Anhui,2008,0,0.012430269
Anhui,2008,1_14,0.186586935
Anhui,2008,15_49,0.540033876
Anhui,2008,50_,0.26094892
Anhui,2009,0,0.012502976
Anhui,2009,1_14,0.17588002
Anhui,2009,15_49,0.553989334
Anhui,2009,50_,0.25762767
Anhui,2010,0,0.012575683
Anhui,2010,1_14,0.165173104
Anhui,2010,15_49,0.567944793
Anhui,2010,50_,0.25430642
Anhui,2011,0,0.012395234
Anhui,2011,1_14,0.165347006
Anhui,2011,15_49,0.562376696
Anhui,2011,50_,0.259881064
Anhui,2012,0,0.012214786
Anhui,2012,1_14,0.165520907
Anhui,2012,15_49,0.556808598
Anhui,2012,50_,0.265455709
Anhui,2013,0,0.012034338
Anhui,2013,1_14,0.165694809
Anhui,2013,15_49,0.551240501
Anhui,2013,50_,0.271030353
Anhui,2014,0,0.011853889
Anhui,2014,1_14,0.16586871
Anhui,2014,15_49,0.545672403
Anhui,2014,50_,0.276604998
Fujian,1990,0,0.01316663
Fujian,1990,1_14,0.301543682
Fujian,1990,15_49,0.534859988
Fujian,1990,50_,0.1504297
Fujian,1991,0,0.01316663
Fujian,1991,1_14,0.298638809
Fujian,1991,15_49,0.535246343
Fujian,1991,50_,0.152948218
Fujian,1992,0,0.01316663
Fujian,1992,1_14,0.295733937
Fujian,1992,15_49,0.535632698
Fujian,1992,50_,0.155466735
Fujian,1993,0,0.01316663
Fujian,1993,1_14,0.292829064
Fujian,1993,15_49,0.536019054
Fujian,1993,50_,0.157985252
Fujian,1994,0,0.01316663
Fujian,1994,1_14,0.289924191
Fujian,1994,15_49,0.536405409
Fujian,1994,50_,0.16050377
Fujian,1995,0,0.01316663
Fujian,1995,1_14,0.287019319
Fujian,1995,15_49,0.536791764
Fujian,1995,50_,0.163022287
Fujian,1996,0,0.012537624
Fujian,1996,1_14,0.273622498
Fujian,1996,15_49,0.550036244
Fujian,1996,50_,0.163803634
Fujian,1997,0,0.011908618
Fujian,1997,1_14,0.260225676
Fujian,1997,15_49,0.563280724
Fujian,1997,50_,0.164584982
Fujian,1998,0,0.011279612
Fujian,1998,1_14,0.246828855
Fujian,1998,15_49,0.576525204
Fujian,1998,50_,0.165366329
Fujian,1999,0,0.010650606
Fujian,1999,1_14,0.233432033
Fujian,1999,15_49,0.589769684
Fujian,1999,50_,0.166147676
Fujian,2000,0,0.0100216
Fujian,2000,1_14,0.220035212
Fujian,2000,15_49,0.603014164
Fujian,2000,50_,0.166929024
Fujian,2001,0,0.010218079
Fujian,2001,1_14,0.210793867
Fujian,2001,15_49,0.599477246
Fujian,2001,50_,0.179510807
Fujian,2002,0,0.010414558
Fujian,2002,1_14,0.201552523
Fujian,2002,15_49,0.595940328
Fujian,2002,50_,0.192092591
Fujian,2003,0,0.010611037
Fujian,2003,1_14,0.192311178
Fujian,2003,15_49,0.59240341
Fujian,2003,50_,0.204674375
Fujian,2004,0,0.010807515
Fujian,2004,1_14,0.183069833
Fujian,2004,15_49,0.588866493
Fujian,2004,50_,0.217256159
Fujian,2005,0,0.011003994
Fujian,2005,1_14,0.173828488
Fujian,2005,15_49,0.585329575
Fujian,2005,50_,0.229837943
Fujian,2006,0,0.010974137
Fujian,2006,1_14,0.167821888
Fujian,2006,15_49,0.592375853
Fujian,2006,50_,0.228828121
Fujian,2007,0,0.01094428
Fujian,2007,1_14,0.161815289
Fujian,2007,15_49,0.599422132
Fujian,2007,50_,0.227818299
Fujian,2008,0,0.010914423
Fujian,2008,1_14,0.155808689
Fujian,2008,15_49,0.60646841
Fujian,2008,50_,0.226808477
Fujian,2009,0,0.010884566
Fujian,2009,1_14,0.149802089
Fujian,2009,15_49,0.613514689
Fujian,2009,50_,0.225798655
Fujian,2010,0,0.010854709
Fujian,2010,1_14,0.14379549
Fujian,2010,15_49,0.620560968
Fujian,2010,50_,0.224788833
Fujian,2011,0,0.011497144
Fujian,2011,1_14,0.147366577
Fujian,2011,15_49,0.609227382
Fujian,2011,50_,0.231908897
Fujian,2012,0,0.012139579
Fujian,2012,1_14,0.150937664
Fujian,2012,15_49,0.597893797
Fujian,2012,50_,0.23902896
Fujian,2013,0,0.012782014
Fujian,2013,1_14,0.154508751
Fujian,2013,15_49,0.586560211
Fujian,2013,50_,0.246149023
Fujian,2014,0,0.013424449
Fujian,2014,1_14,0.158079839
Fujian,2014,15_49,0.575226626
Fujian,2014,50_,0.253269086
Jiangxi,1990,0,0.017654416
Jiangxi,1990,1_14,0.300213596
Jiangxi,1990,15_49,0.537598697
Jiangxi,1990,50_,0.144533291
Jiangxi,1991,0,0.017654416
Jiangxi,1991,1_14,0.297164834
Jiangxi,1991,15_49,0.536013601
Jiangxi,1991,50_,0.149167149
Jiangxi,1992,0,0.017654416
Jiangxi,1992,1_14,0.294116072
Jiangxi,1992,15_49,0.534428506
Jiangxi,1992,50_,0.153801006
Jiangxi,1993,0,0.017654416
Jiangxi,1993,1_14,0.29106731
Jiangxi,1993,15_49,0.532843411
Jiangxi,1993,50_,0.158434863
Jiangxi,1994,0,0.017654416
Jiangxi,1994,1_14,0.288018547
Jiangxi,1994,15_49,0.531258316
Jiangxi,1994,50_,0.16306872
Jiangxi,1995,0,0.017654416
Jiangxi,1995,1_14,0.284969785
Jiangxi,1995,15_49,0.529673221
Jiangxi,1995,50_,0.167702578
Jiangxi,1996,0,0.017129261
Jiangxi,1996,1_14,0.276774794
Jiangxi,1996,15_49,0.537638354
Jiangxi,1996,50_,0.168457591
Jiangxi,1997,0,0.016604106
Jiangxi,1997,1_14,0.268579803
Jiangxi,1997,15_49,0.545603486
Jiangxi,1997,50_,0.169212605
Jiangxi,1998,0,0.016078951
Jiangxi,1998,1_14,0.260384811
Jiangxi,1998,15_49,0.553568619
Jiangxi,1998,50_,0.169967619
Jiangxi,1999,0,0.015553796
Jiangxi,1999,1_14,0.25218982
Jiangxi,1999,15_49,0.561533752
Jiangxi,1999,50_,0.170722632
Jiangxi,2000,0,0.015028641
Jiangxi,2000,1_14,0.243994829
Jiangxi,2000,15_49,0.569498885
Jiangxi,2000,50_,0.171477646
Jiangxi,2001,0,0.014661556
Jiangxi,2001,1_14,0.242752778
Jiangxi,2001,15_49,0.557601659
Jiangxi,2001,50_,0.184984006
Jiangxi,2002,0,0.014294472
Jiangxi,2002,1_14,0.241510728
Jiangxi,2002,15_49,0.545704433
Jiangxi,2002,50_,0.198490367
Jiangxi,2003,0,0.013927387
Jiangxi,2003,1_14,0.240268678
Jiangxi,2003,15_49,0.533807208
Jiangxi,2003,50_,0.211996727
Jiangxi,2004,0,0.013560302
Jiangxi,2004,1_14,0.239026627
Jiangxi,2004,15_49,0.521909982
Jiangxi,2004,50_,0.225503088
Jiangxi,2005,0,0.013193218
Jiangxi,2005,1_14,0.237784577
Jiangxi,2005,15_49,0.510012757
Jiangxi,2005,50_,0.239009449
Jiangxi,2006,0,0.013152109
Jiangxi,2006,1_14,0.231438588
Jiangxi,2006,15_49,0.519916468
Jiangxi,2006,50_,0.235492835
Jiangxi,2007,0,0.013111
Jiangxi,2007,1_14,0.225092599
Jiangxi,2007,15_49,0.52982018
Jiangxi,2007,50_,0.231976222
Jiangxi,2008,0,0.013069891
Jiangxi,2008,1_14,0.21874661
Jiangxi,2008,15_49,0.539723891
Jiangxi,2008,50_,0.228459608
Jiangxi,2009,0,0.013028782
Jiangxi,2009,1_14,0.212400621
Jiangxi,2009,15_49,0.549627602
Jiangxi,2009,50_,0.224942995
Jiangxi,2010,0,0.012987674
Jiangxi,2010,1_14,0.206054632
Jiangxi,2010,15_49,0.559531314
Jiangxi,2010,50_,0.221426381
Jiangxi,2011,0,0.012885378
Jiangxi,2011,1_14,0.20528432
Jiangxi,2011,15_49,0.551839093
Jiangxi,2011,50_,0.229991209
Jiangxi,2012,0,0.012783083
Jiangxi,2012,1_14,0.204514008
Jiangxi,2012,15_49,0.544146872
Jiangxi,2012,50_,0.238556037
Jiangxi,2013,0,0.012680788
Jiangxi,2013,1_14,0.203743696
Jiangxi,2013,15_49,0.536454651
Jiangxi,2013,50_,0.247120865
Jiangxi,2014,0,0.012578493
Jiangxi,2014,1_14,0.202973385
Jiangxi,2014,15_49,0.52876243
Jiangxi,2014,50_,0.255685693
Shandong,1990,0,0.008796623
Shandong,1990,1_14,0.257204163
Shandong,1990,15_49,0.561059717
Shandong,1990,50_,0.172939497
Shandong,1991,0,0.008796623
Shandong,1991,1_14,0.253119155
Shandong,1991,15_49,0.561204887
Shandong,1991,50_,0.176879335
Shandong,1992,0,0.008796623
Shandong,1992,1_14,0.249034147
Shandong,1992,15_49,0.561350057
Shandong,1992,50_,0.180819172
Shandong,1993,0,0.008796623
Shandong,1993,1_14,0.244949139
Shandong,1993,15_49,0.561495227
Shandong,1993,50_,0.18475901
Shandong,1994,0,0.008796623
Shandong,1994,1_14,0.240864132
Shandong,1994,15_49,0.561640397
Shandong,1994,50_,0.188698848
Shandong,1995,0,0.008796623
Shandong,1995,1_14,0.236779124
Shandong,1995,15_49,0.561785567
Shandong,1995,50_,0.192638686
Shandong,1996,0,0.009158617
Shandong,1996,1_14,0.228965567
Shandong,1996,15_49,0.565433256
Shandong,1996,50_,0.19644256
Shandong,1997,0,0.009520611
Shandong,1997,1_14,0.22115201
Shandong,1997,15_49,0.569080945
Shandong,1997,50_,0.200246434
Shandong,1998,0,0.009882604
Shandong,1998,1_14,0.213338454
Shandong,1998,15_49,0.572728634
Shandong,1998,50_,0.204050308
Shandong,1999,0,0.010244598
Shandong,1999,1_14,0.205524897
Shandong,1999,15_49,0.576376323
Shandong,1999,50_,0.207854182
Shandong,2000,0,0.010606591
Shandong,2000,1_14,0.19771134
Shandong,2000,15_49,0.580024012
Shandong,2000,50_,0.211658057
Shandong,2001,0,0.010713932
Shandong,2001,1_14,0.18778683
Shandong,2001,15_49,0.576266298
Shandong,2001,50_,0.22523294
Shandong,2002,0,0.010821274
Shandong,2002,1_14,0.177862319
Shandong,2002,15_49,0.572508584
Shandong,2002,50_,0.238807823
Shandong,2003,0,0.010928615
Shandong,2003,1_14,0.167937808
Shandong,2003,15_49,0.56875087
Shandong,2003,50_,0.252382707
Shandong,2004,0,0.011035956
Shandong,2004,1_14,0.158013298
Shandong,2004,15_49,0.564993157
Shandong,2004,50_,0.26595759
Shandong,2005,0,0.011143297
Shandong,2005,1_14,0.148088787
Shandong,2005,15_49,0.561235443
Shandong,2005,50_,0.279532473
Shandong,2006,0,0.010961616
Shandong,2006,1_14,0.147896608
Shandong,2006,15_49,0.561105333
Shandong,2006,50_,0.280036443
Shandong,2007,0,0.010779934
Shandong,2007,1_14,0.14770443
Shandong,2007,15_49,0.560975222
Shandong,2007,50_,0.280540414
Shandong,2008,0,0.010598253
Shandong,2008,1_14,0.147512251
Shandong,2008,15_49,0.560845112
Shandong,2008,50_,0.281044384
Shandong,2009,0,0.010416572
Shandong,2009,1_14,0.147320073
Shandong,2009,15_49,0.560715002
Shandong,2009,50_,0.281548354
Shandong,2010,0,0.010234891
Shandong,2010,1_14,0.147127894
Shandong,2010,15_49,0.560584892
Shandong,2010,50_,0.282052324
Shandong,2011,0,0.010405894
Shandong,2011,1_14,0.148191856
Shandong,2011,15_49,0.551061591
Shandong,2011,50_,0.290340659
Shandong,2012,0,0.010576898
Shandong,2012,1_14,0.149255818
Shandong,2012,15_49,0.54153829
Shandong,2012,50_,0.298628995
Shandong,2013,0,0.010747902
Shandong,2013,1_14,0.15031978
Shandong,2013,15_49,0.532014988
Shandong,2013,50_,0.30691733
Shandong,2014,0,0.010918905
Shandong,2014,1_14,0.151383742
Shandong,2014,15_49,0.522491687
Shandong,2014,50_,0.315205665
Henan,1990,0,0.011545381
Henan,1990,1_14,0.281307431
Henan,1990,15_49,0.547767022
Henan,1990,50_,0.159380166
Henan,1991,0,0.011545381
Henan,1991,1_14,0.280056694
Henan,1991,15_49,0.54611162
Henan,1991,50_,0.162286305
Henan,1992,0,0.011545381
Henan,1992,1_14,0.278805956
Henan,1992,15_49,0.544456219
Henan,1992,50_,0.165192443
Henan,1993,0,0.011545381
Henan,1993,1_14,0.277555219
Henan,1993,15_49,0.542800818
Henan,1993,50_,0.168098582
Henan,1994,0,0.011545381
Henan,1994,1_14,0.276304482
Henan,1994,15_49,0.541145416
Henan,1994,50_,0.17100472
Henan,1995,0,0.011545381
Henan,1995,1_14,0.275053745
Henan,1995,15_49,0.539490015
Henan,1995,50_,0.173910859
Henan,1996,0,0.011834523
Henan,1996,1_14,0.269233572
Henan,1996,15_49,0.541979621
Henan,1996,50_,0.176952284
Henan,1997,0,0.012123664
Henan,1997,1_14,0.263413399
Henan,1997,15_49,0.544469228
Henan,1997,50_,0.179993709
Henan,1998,0,0.012412805
Henan,1998,1_14,0.257593226
Henan,1998,15_49,0.546958834
Henan,1998,50_,0.183035135
Henan,1999,0,0.012701947
Henan,1999,1_14,0.251773053
Henan,1999,15_49,0.54944844
Henan,1999,50_,0.18607656
Henan,2000,0,0.012991088
Henan,2000,1_14,0.24595288
Henan,2000,15_49,0.551938047
Henan,2000,50_,0.189117985
Henan,2001,0,0.012358054
Henan,2001,1_14,0.237061463
Henan,2001,15_49,0.550527785
Henan,2001,50_,0.200052698
Henan,2002,0,0.011725021
Henan,2002,1_14,0.228170046
Henan,2002,15_49,0.549117523
Henan,2002,50_,0.210987411
Henan,2003,0,0.011091987
Henan,2003,1_14,0.219278629
Henan,2003,15_49,0.54770726
Henan,2003,50_,0.221922123
Henan,2004,0,0.010458954
Henan,2004,1_14,0.210387212
Henan,2004,15_49,0.546296998
Henan,2004,50_,0.232856836
Henan,2005,0,0.00982592
Henan,2005,1_14,0.201495795
Henan,2005,15_49,0.544886736
Henan,2005,50_,0.243791549
Henan,2006,0,0.010080991
Henan,2006,1_14,0.200978574
Henan,2006,15_49,0.545913753
Henan,2006,50_,0.243026683
Henan,2007,0,0.010336061
Henan,2007,1_14,0.200461353
Henan,2007,15_49,0.546940769
Henan,2007,50_,0.242261817
Henan,2008,0,0.010591132
Henan,2008,1_14,0.199944132
Henan,2008,15_49,0.547967785
Henan,2008,50_,0.241496951
Henan,2009,0,0.010846202
Henan,2009,1_14,0.199426911
Henan,2009,15_49,0.548994802
Henan,2009,50_,0.240732085
Henan,2010,0,0.011101273
Henan,2010,1_14,0.19890969
Henan,2010,15_49,0.550021818
Henan,2010,50_,0.239967219
Henan,2011,0,0.010959394
Henan,2011,1_14,0.199021855
Henan,2011,15_49,0.542109311
Henan,2011,50_,0.247909441
Henan,2012,0,0.010817514
Henan,2012,1_14,0.19913402
Henan,2012,15_49,0.534196803
Henan,2012,50_,0.255851662
Henan,2013,0,0.010675635
Henan,2013,1_14,0.199246185
Henan,2013,15_49,0.526284296
Henan,2013,50_,0.263793883
Henan,2014,0,0.010533756
Henan,2014,1_14,0.19935835
Henan,2014,15_49,0.518371789
Henan,2014,50_,0.271736105
Hubei,1990,0,0.014742648
Hubei,1990,1_14,0.269796048
Hubei,1990,15_49,0.558653847
Hubei,1990,50_,0.156807457
Hubei,1991,0,0.014742648
Hubei,1991,1_14,0.271450871
Hubei,1991,15_49,0.553834652
Hubei,1991,50_,0.159971829
Hubei,1992,0,0.014742648
Hubei,1992,1_14,0.273105694
Hubei,1992,15_49,0.549015457
Hubei,1992,50_,0.1631362
Hubei,1993,0,0.014742648
Hubei,1993,1_14,0.274760518
Hubei,1993,15_49,0.544196262
Hubei,1993,50_,0.166300572
Hubei,1994,0,0.014742648
Hubei,1994,1_14,0.276415341
Hubei,1994,15_49,0.539377067
Hubei,1994,50_,0.169464944
Hubei,1995,0,0.014742648
Hubei,1995,1_14,0.278070164
Hubei,1995,15_49,0.534557872
Hubei,1995,50_,0.172629316
Hubei,1996,0,0.013346852
Hubei,1996,1_14,0.266513029
Hubei,1996,15_49,0.545485346
Hubei,1996,50_,0.174654774
Hubei,1997,0,0.011951055
Hubei,1997,1_14,0.254955894
Hubei,1997,15_49,0.55641282
Hubei,1997,50_,0.176680231
Hubei,1998,0,0.010555259
Hubei,1998,1_14,0.243398759
Hubei,1998,15_49,0.567340293
Hubei,1998,50_,0.178705689
Hubei,1999,0,0.009159463
Hubei,1999,1_14,0.231841624
Hubei,1999,15_49,0.578267767
Hubei,1999,50_,0.180731147
Hubei,2000,0,0.007763666
Hubei,2000,1_14,0.220284489
Hubei,2000,15_49,0.589195241
Hubei,2000,50_,0.182756604
Hubei,2001,0,0.008030142
Hubei,2001,1_14,0.212177807
Hubei,2001,15_49,0.578478628
Hubei,2001,50_,0.201313424
Hubei,2002,0,0.008296618
Hubei,2002,1_14,0.204071125
Hubei,2002,15_49,0.567762014
Hubei,2002,50_,0.219870243
Hubei,2003,0,0.008563093
Hubei,2003,1_14,0.195964443
Hubei,2003,15_49,0.557045401
Hubei,2003,50_,0.238427063
Hubei,2004,0,0.008829569
Hubei,2004,1_14,0.187857761
Hubei,2004,15_49,0.546328787
Hubei,2004,50_,0.256983882
Hubei,2005,0,0.009096045
Hubei,2005,1_14,0.179751079
Hubei,2005,15_49,0.535612174
Hubei,2005,50_,0.275540702
Hubei,2006,0,0.009341226
Hubei,2006,1_14,0.169563602
Hubei,2006,15_49,0.546984322
Hubei,2006,50_,0.27411085
Hubei,2007,0,0.009586407
Hubei,2007,1_14,0.159376125
Hubei,2007,15_49,0.558356471
Hubei,2007,50_,0.272680997
Hubei,2008,0,0.009831588
Hubei,2008,1_14,0.149188648
Hubei,2008,15_49,0.569728619
Hubei,2008,50_,0.271251145
Hubei,2009,0,0.01007677
Hubei,2009,1_14,0.13900117
Hubei,2009,15_49,0.581100767
Hubei,2009,50_,0.269821293
Hubei,2010,0,0.010321951
Hubei,2010,1_14,0.128813693
Hubei,2010,15_49,0.592472916
Hubei,2010,50_,0.26839144
Hubei,2011,0,0.01049496
Hubei,2011,1_14,0.131172635
Hubei,2011,15_49,0.578981027
Hubei,2011,50_,0.279351379
Hubei,2012,0,0.010667969
Hubei,2012,1_14,0.133531576
Hubei,2012,15_49,0.565489138
Hubei,2012,50_,0.290311317
Hubei,2013,0,0.010840978
Hubei,2013,1_14,0.135890517
Hubei,2013,15_49,0.55199725
Hubei,2013,50_,0.301271255
Hubei,2014,0,0.011013987
Hubei,2014,1_14,0.138249459
Hubei,2014,15_49,0.538505361
Hubei,2014,50_,0.312231193
Hunan,1990,0,0.011169732
Hunan,1990,1_14,0.268497999
Hunan,1990,15_49,0.554397218
Hunan,1990,50_,0.165935051
Hunan,1991,0,0.011169732
Hunan,1991,1_14,0.267952478
Hunan,1991,15_49,0.550173914
Hunan,1991,50_,0.170703875
Hunan,1992,0,0.011169732
Hunan,1992,1_14,0.267406958
Hunan,1992,15_49,0.545950611
Hunan,1992,50_,0.175472699
Hunan,1993,0,0.011169732
Hunan,1993,1_14,0.266861437
Hunan,1993,15_49,0.541727308
Hunan,1993,50_,0.180241523
Hunan,1994,0,0.011169732
Hunan,1994,1_14,0.266315916
Hunan,1994,15_49,0.537504004
Hunan,1994,50_,0.185010347
Hunan,1995,0,0.011169732
Hunan,1995,1_14,0.265770396
Hunan,1995,15_49,0.533280701
Hunan,1995,50_,0.189779171
Hunan,1996,0,0.011067016
Hunan,1996,1_14,0.254735679
Hunan,1996,15_49,0.541650696
Hunan,1996,50_,0.19254661
Hunan,1997,0,0.010964299
Hunan,1997,1_14,0.243700962
Hunan,1997,15_49,0.550020692
Hunan,1997,50_,0.195314048
Hunan,1998,0,0.010861582
Hunan,1998,1_14,0.232666244
Hunan,1998,15_49,0.558390687
Hunan,1998,50_,0.198081486
Hunan,1999,0,0.010758865
Hunan,1999,1_14,0.221631527
Hunan,1999,15_49,0.566760682
Hunan,1999,50_,0.200848925
Hunan,2000,0,0.010656149
Hunan,2000,1_14,0.21059681
Hunan,2000,15_49,0.575130678
Hunan,2000,50_,0.203616363
Hunan,2001,0,0.010776992
Hunan,2001,1_14,0.203650766
Hunan,2001,15_49,0.56761169
Hunan,2001,50_,0.217960553
Hunan,2002,0,0.010897834
Hunan,2002,1_14,0.196704722
Hunan,2002,15_49,0.560092702
Hunan,2002,50_,0.232304742
Hunan,2003,0,0.011018677
Hunan,2003,1_14,0.189758678
Hunan,2003,15_49,0.552573713
Hunan,2003,50_,0.246648931
Hunan,2004,0,0.01113952
Hunan,2004,1_14,0.182812634
Hunan,2004,15_49,0.545054725
Hunan,2004,50_,0.26099312
Hunan,2005,0,0.011260363
Hunan,2005,1_14,0.175866591
Hunan,2005,15_49,0.537535737
Hunan,2005,50_,0.275337309
Hunan,2006,0,0.011429736
Hunan,2006,1_14,0.173511951
Hunan,2006,15_49,0.542216515
Hunan,2006,50_,0.272841798
Hunan,2007,0,0.011599108
Hunan,2007,1_14,0.171157312
Hunan,2007,15_49,0.546897294
Hunan,2007,50_,0.270346286
Hunan,2008,0,0.011768481
Hunan,2008,1_14,0.168802672
Hunan,2008,15_49,0.551578072
Hunan,2008,50_,0.267850775
Hunan,2009,0,0.011937854
Hunan,2009,1_14,0.166448033
Hunan,2009,15_49,0.55625885
Hunan,2009,50_,0.265355263
Hunan,2010,0,0.012107226
Hunan,2010,1_14,0.164093394
Hunan,2010,15_49,0.560939628
Hunan,2010,50_,0.262859752
Hunan,2011,0,0.011834549
Hunan,2011,1_14,0.165946823
Hunan,2011,15_49,0.550784198
Hunan,2011,50_,0.27143443
Hunan,2012,0,0.011561872
Hunan,2012,1_14,0.167800252
Hunan,2012,15_49,0.540628768
Hunan,2012,50_,0.280009108
Hunan,2013,0,0.011289195
Hunan,2013,1_14,0.169653681
Hunan,2013,15_49,0.530473338
Hunan,2013,50_,0.288583786
Hunan,2014,0,0.011016518
Hunan,2014,1_14,0.17150711
Hunan,2014,15_49,0.520317908
Hunan,2014,50_,0.297158464
Guangdong,1990,0,0.017847013
Guangdong,1990,1_14,0.281331571
Guangdong,1990,15_49,0.534966203
Guangdong,1990,50_,0.165855212
Guangdong,1991,0,0.017847013
Guangdong,1991,1_14,0.28333884
Guangdong,1991,15_49,0.530621723
Guangdong,1991,50_,0.168192423
Guangdong,1992,0,0.017847013
Guangdong,1992,1_14,0.285346109
Guangdong,1992,15_49,0.526277243
Guangdong,1992,50_,0.170529634
Guangdong,1993,0,0.017847013
Guangdong,1993,1_14,0.287353378
Guangdong,1993,15_49,0.521932763
Guangdong,1993,50_,0.172866845
Guangdong,1994,0,0.017847013
Guangdong,1994,1_14,0.289360647
Guangdong,1994,15_49,0.517588283
Guangdong,1994,50_,0.175204056
Guangdong,1995,0,0.017847013
Guangdong,1995,1_14,0.291367917
Guangdong,1995,15_49,0.513243803
Guangdong,1995,50_,0.177541267
Guangdong,1996,0,0.016495373
Guangdong,1996,1_14,0.279104411
Guangdong,1996,15_49,0.532142616
Guangdong,1996,50_,0.1722576
Guangdong,1997,0,0.015143732
Guangdong,1997,1_14,0.266840905
Guangdong,1997,15_49,0.551041429
Guangdong,1997,50_,0.166973933
Guangdong,1998,0,0.013792092
Guangdong,1998,1_14,0.2545774
Guangdong,1998,15_49,0.569940242
Guangdong,1998,50_,0.161690267
Guangdong,1999,0,0.012440452
Guangdong,1999,1_14,0.242313894
Guangdong,1999,15_49,0.588839054
Guangdong,1999,50_,0.1564066
Guangdong,2000,0,0.011088811
Guangdong,2000,1_14,0.230050389
Guangdong,2000,15_49,0.607737867
Guangdong,2000,50_,0.151122933
Guangdong,2001,0,0.011107851
Guangdong,2001,1_14,0.224597581
Guangdong,2001,15_49,0.605327356
Guangdong,2001,50_,0.158967212
Guangdong,2002,0,0.011126892
Guangdong,2002,1_14,0.219144773
Guangdong,2002,15_49,0.602916844
Guangdong,2002,50_,0.166811491
Guangdong,2003,0,0.011145932
Guangdong,2003,1_14,0.213691965
Guangdong,2003,15_49,0.600506333
Guangdong,2003,50_,0.17465577
Guangdong,2004,0,0.011164973
Guangdong,2004,1_14,0.208239157
Guangdong,2004,15_49,0.598095821
Guangdong,2004,50_,0.18250005
Guangdong,2005,0,0.011184013
Guangdong,2005,1_14,0.202786348
Guangdong,2005,15_49,0.595685309
Guangdong,2005,50_,0.190344329
Guangdong,2006,0,0.011019912
Guangdong,2006,1_14,0.193906286
Guangdong,2006,15_49,0.605508623
Guangdong,2006,50_,0.189565178
Guangdong,2007,0,0.010855811
Guangdong,2007,1_14,0.185026224
Guangdong,2007,15_49,0.615331937
Guangdong,2007,50_,0.188786028
Guangdong,2008,0,0.010691711
Guangdong,2008,1_14,0.176146161
Guangdong,2008,15_49,0.625155251
Guangdong,2008,50_,0.188006877
Guangdong,2009,0,0.01052761
Guangdong,2009,1_14,0.167266099
Guangdong,2009,15_49,0.634978565
Guangdong,2009,50_,0.187227726
Guangdong,2010,0,0.010363509
Guangdong,2010,1_14,0.158386036
Guangdong,2010,15_49,0.644801879
Guangdong,2010,50_,0.186448576
Guangdong,2011,0,0.010403118
Guangdong,2011,1_14,0.156630127
Guangdong,2011,15_49,0.640060179
Guangdong,2011,50_,0.192906575
Guangdong,2012,0,0.010442728
Guangdong,2012,1_14,0.154874218
Guangdong,2012,15_49,0.63531848
Guangdong,2012,50_,0.199364574
Guangdong,2013,0,0.010482337
Guangdong,2013,1_14,0.153118309
Guangdong,2013,15_49,0.63057678
Guangdong,2013,50_,0.205822573
Guangdong,2014,0,0.010521947
Guangdong,2014,1_14,0.1513624
Guangdong,2014,15_49,0.62583508
Guangdong,2014,50_,0.212280572
Guangxi,1990,0,0.01497934
Guangxi,1990,1_14,0.318820393
Guangxi,1990,15_49,0.51237802
Guangxi,1990,50_,0.153822247
Guangxi,1991,0,0.01497934
Guangxi,1991,1_14,0.314828872
Guangxi,1991,15_49,0.511960709
Guangxi,1991,50_,0.158231079
Guangxi,1992,0,0.01497934
Guangxi,1992,1_14,0.310837351
Guangxi,1992,15_49,0.511543399
Guangxi,1992,50_,0.16263991
Guangxi,1993,0,0.01497934
Guangxi,1993,1_14,0.306845829
Guangxi,1993,15_49,0.511126089
Guangxi,1993,50_,0.167048742
Guangxi,1994,0,0.01497934
Guangxi,1994,1_14,0.302854308
Guangxi,1994,15_49,0.510708779
Guangxi,1994,50_,0.171457573
Guangxi,1995,0,0.01497934
Guangxi,1995,1_14,0.298862787
Guangxi,1995,15_49,0.510291468
Guangxi,1995,50_,0.175866405
Guangxi,1996,0,0.014675321
Guangxi,1996,1_14,0.288776522
Guangxi,1996,15_49,0.518126938
Guangxi,1996,50_,0.178421219
Guangxi,1997,0,0.014371302
Guangxi,1997,1_14,0.278690257
Guangxi,1997,15_49,0.525962407
Guangxi,1997,50_,0.180976034
Guangxi,1998,0,0.014067283
Guangxi,1998,1_14,0.268603992
Guangxi,1998,15_49,0.533797876
Guangxi,1998,50_,0.183530849
Guangxi,1999,0,0.013763265
Guangxi,1999,1_14,0.258517727
Guangxi,1999,15_49,0.541633345
Guangxi,1999,50_,0.186085663
Guangxi,2000,0,0.013459246
Guangxi,2000,1_14,0.248431462
Guangxi,2000,15_49,0.549468814
Guangxi,2000,50_,0.188640478
Guangxi,2001,0,0.013570082
Guangxi,2001,1_14,0.243431854
Guangxi,2001,15_49,0.542502081
Guangxi,2001,50_,0.200495984
Guangxi,2002,0,0.013680918
Guangxi,2002,1_14,0.238432245
Guangxi,2002,15_49,0.535535347
Guangxi,2002,50_,0.21235149
Guangxi,2003,0,0.013791754
Guangxi,2003,1_14,0.233432636
Guangxi,2003,15_49,0.528568614
Guangxi,2003,50_,0.224206996
Guangxi,2004,0,0.01390259
Guangxi,2004,1_14,0.228433028
Guangxi,2004,15_49,0.52160188
Guangxi,2004,50_,0.236062502
Guangxi,2005,0,0.014013427
Guangxi,2005,1_14,0.223433419
Guangxi,2005,15_49,0.514635147
Guangxi,2005,50_,0.247918008
Guangxi,2006,0,0.014308667
Guangxi,2006,1_14,0.219064735
Guangxi,2006,15_49,0.521309156
Guangxi,2006,50_,0.245317442
Guangxi,2007,0,0.014603908
Guangxi,2007,1_14,0.214696052
Guangxi,2007,15_49,0.527983165
Guangxi,2007,50_,0.242716876
Guangxi,2008,0,0.014899148
Guangxi,2008,1_14,0.210327368
Guangxi,2008,15_49,0.534657174
Guangxi,2008,50_,0.24011631
Guangxi,2009,0,0.015194389
Guangxi,2009,1_14,0.205958684
Guangxi,2009,15_49,0.541331183
Guangxi,2009,50_,0.237515744
Guangxi,2010,0,0.015489629
Guangxi,2010,1_14,0.20159
Guangxi,2010,15_49,0.548005192
Guangxi,2010,50_,0.234915178
Guangxi,2011,0,0.01518226
Guangxi,2011,1_14,0.203730282
Guangxi,2011,15_49,0.541274353
Guangxi,2011,50_,0.239813105
Guangxi,2012,0,0.014874892
Guangxi,2012,1_14,0.205870563
Guangxi,2012,15_49,0.534543514
Guangxi,2012,50_,0.244711031
Guangxi,2013,0,0.014567523
Guangxi,2013,1_14,0.208010845
Guangxi,2013,15_49,0.527812675
Guangxi,2013,50_,0.249608958
Guangxi,2014,0,0.014260154
Guangxi,2014,1_14,0.210151126
Guangxi,2014,15_49,0.521081835
Guangxi,2014,50_,0.254506885
Hainan,1990,0,0.01834294
Hainan,1990,1_14,0.312429225
Hainan,1990,15_49,0.510761083
Hainan,1990,50_,0.158466752
Hainan,1991,0,0.01834294
Hainan,1991,1_14,0.309804394
Hainan,1991,15_49,0.512299003
Hainan,1991,50_,0.159553663
Hainan,1992,0,0.01834294
Hainan,1992,1_14,0.307179563
Hainan,1992,15_49,0.513836922
Hainan,1992,50_,0.160640575
Hainan,1993,0,0.01834294
Hainan,1993,1_14,0.304554732
Hainan,1993,15_49,0.515374842
Hainan,1993,50_,0.161727486
Hainan,1994,0,0.01834294
Hainan,1994,1_14,0.3019299
Hainan,1994,15_49,0.516912762
Hainan,1994,50_,0.162814398
Hainan,1995,0,0.01834294
Hainan,1995,1_14,0.299305069
Hainan,1995,15_49,0.518450681
Hainan,1995,50_,0.163901309
Hainan,1996,0,0.017528103
Hainan,1996,1_14,0.291455298
Hainan,1996,15_49,0.527028341
Hainan,1996,50_,0.163988258
Hainan,1997,0,0.016713265
Hainan,1997,1_14,0.283605526
Hainan,1997,15_49,0.535606001
Hainan,1997,50_,0.164075208
Hainan,1998,0,0.015898428
Hainan,1998,1_14,0.275755754
Hainan,1998,15_49,0.544183661
Hainan,1998,50_,0.164162157
Hainan,1999,0,0.01508359
Hainan,1999,1_14,0.267905983
Hainan,1999,15_49,0.552761321
Hainan,1999,50_,0.164249107
Hainan,2000,0,0.014268753
Hainan,2000,1_14,0.260056211
Hainan,2000,15_49,0.56133898
Hainan,2000,50_,0.164336056
Hainan,2001,0,0.014077387
Hainan,2001,1_14,0.252761714
Hainan,2001,15_49,0.560907755
Hainan,2001,50_,0.172253144
Hainan,2002,0,0.01388602
Hainan,2002,1_14,0.245467217
Hainan,2002,15_49,0.56047653
Hainan,2002,50_,0.180170233
Hainan,2003,0,0.013694654
Hainan,2003,1_14,0.23817272
Hainan,2003,15_49,0.560045305
Hainan,2003,50_,0.188087321
Hainan,2004,0,0.013503288
Hainan,2004,1_14,0.230878223
Hainan,2004,15_49,0.559614079
Hainan,2004,50_,0.196004409
Hainan,2005,0,0.013311922
Hainan,2005,1_14,0.223583726
Hainan,2005,15_49,0.559182854
Hainan,2005,50_,0.203921497
Hainan,2006,0,0.013439671
Hainan,2006,1_14,0.215639691
Hainan,2006,15_49,0.565865568
Hainan,2006,50_,0.20505507
Hainan,2007,0,0.01356742
Hainan,2007,1_14,0.207695655
Hainan,2007,15_49,0.572548282
Hainan,2007,50_,0.206188643
Hainan,2008,0,0.013695169
Hainan,2008,1_14,0.199751619
Hainan,2008,15_49,0.579230996
Hainan,2008,50_,0.207322215
Hainan,2009,0,0.013822918
Hainan,2009,1_14,0.191807584
Hainan,2009,15_49,0.58591371
Hainan,2009,50_,0.208455788
Hainan,2010,0,0.013950667
Hainan,2010,1_14,0.183863548
Hainan,2010,15_49,0.592596424
Hainan,2010,50_,0.209589361
Hainan,2011,0,0.013777858
Hainan,2011,1_14,0.184104857
Hainan,2011,15_49,0.588148964
Hainan,2011,50_,0.213968321
Hainan,2012,0,0.013605048
Hainan,2012,1_14,0.184346167
Hainan,2012,15_49,0.583701503
Hainan,2012,50_,0.218347282
Hainan,2013,0,0.013432239
Hainan,2013,1_14,0.184587476
Hainan,2013,15_49,0.579254043
Hainan,2013,50_,0.222726242
Hainan,2014,0,0.01325943
Hainan,2014,1_14,0.184828785
Hainan,2014,15_49,0.574806583
Hainan,2014,50_,0.227105202
Chongqing,1990,0,0.015831128
Chongqing,1990,1_14,0.215923504
Chongqing,1990,15_49,0.597702053
Chongqing,1990,50_,0.170543315
Chongqing,1991,0,0.015831128
Chongqing,1991,1_14,0.217095875
Chongqing,1991,15_49,0.589932654
Chongqing,1991,50_,0.177140344
Chongqing,1992,0,0.015831128
Chongqing,1992,1_14,0.218268246
Chongqing,1992,15_49,0.582163254
Chongqing,1992,50_,0.183737372
Chongqing,1993,0,0.015831128
Chongqing,1993,1_14,0.219440616
Chongqing,1993,15_49,0.574393855
Chongqing,1993,50_,0.190334401
Chongqing,1994,0,0.015831128
Chongqing,1994,1_14,0.220612987
Chongqing,1994,15_49,0.566624456
Chongqing,1994,50_,0.196931429
Chongqing,1995,0,0.015831128
Chongqing,1995,1_14,0.221785358
Chongqing,1995,15_49,0.558855056
Chongqing,1995,50_,0.203528458
Chongqing,1996,0,0.014613346
Chongqing,1996,1_14,0.219152512
Chongqing,1996,15_49,0.558089653
Chongqing,1996,50_,0.20814449
Chongqing,1997,0,0.013395564
Chongqing,1997,1_14,0.216519665
Chongqing,1997,15_49,0.557324249
Chongqing,1997,50_,0.212760521
Chongqing,1998,0,0.012177782
Chongqing,1998,1_14,0.213886819
Chongqing,1998,15_49,0.556558846
Chongqing,1998,50_,0.217376553
Chongqing,1999,0,0.01096
Chongqing,1999,1_14,0.211253973
Chongqing,1999,15_49,0.555793442
Chongqing,1999,50_,0.221992585
Chongqing,2000,0,0.009742218
Chongqing,2000,1_14,0.208621127
Chongqing,2000,15_49,0.555028039
Chongqing,2000,50_,0.226608616
Chongqing,2001,0,0.009489395
Chongqing,2001,1_14,0.206539309
Chongqing,2001,15_49,0.538600227
Chongqing,2001,50_,0.245371069
Chongqing,2002,0,0.009236571
Chongqing,2002,1_14,0.204457492
Chongqing,2002,15_49,0.522172415
Chongqing,2002,50_,0.264133522
Chongqing,2003,0,0.008983747
Chongqing,2003,1_14,0.202375674
Chongqing,2003,15_49,0.505744603
Chongqing,2003,50_,0.282895975
Chongqing,2004,0,0.008730924
Chongqing,2004,1_14,0.200293856
Chongqing,2004,15_49,0.489316792
Chongqing,2004,50_,0.301658428
Chongqing,2005,0,0.0084781
Chongqing,2005,1_14,0.198212039
Chongqing,2005,15_49,0.47288898
Chongqing,2005,50_,0.320420881
Chongqing,2006,0,0.008602902
Chongqing,2006,1_14,0.19074582
Chongqing,2006,15_49,0.483671029
Chongqing,2006,50_,0.316980249
Chongqing,2007,0,0.008727704
Chongqing,2007,1_14,0.1832796
Chongqing,2007,15_49,0.494453078
Chongqing,2007,50_,0.313539618
Chongqing,2008,0,0.008852506
Chongqing,2008,1_14,0.175813381
Chongqing,2008,15_49,0.505235127
Chongqing,2008,50_,0.310098987
Chongqing,2009,0,0.008977308
Chongqing,2009,1_14,0.168347161
Chongqing,2009,15_49,0.516017176
Chongqing,2009,50_,0.306658355
Chongqing,2010,0,0.00910211
Chongqing,2010,1_14,0.160880942
Chongqing,2010,15_49,0.526799225
Chongqing,2010,50_,0.303217724
Chongqing,2011,0,0.008894704
Chongqing,2011,1_14,0.158293944
Chongqing,2011,15_49,0.524404403
Chongqing,2011,50_,0.308406948
Chongqing,2012,0,0.008687299
Chongqing,2012,1_14,0.155706947
Chongqing,2012,15_49,0.522009581
Chongqing,2012,50_,0.313596173
Chongqing,2013,0,0.008479894
Chongqing,2013,1_14,0.153119949
Chongqing,2013,15_49,0.519614759
Chongqing,2013,50_,0.318785398
Chongqing,2014,0,0.008272489
Chongqing,2014,1_14,0.150532952
Chongqing,2014,15_49,0.517219936
Chongqing,2014,50_,0.323974623
Sichuan,1990,0,0.015831128
Sichuan,1990,1_14,0.215923504
Sichuan,1990,15_49,0.597702053
Sichuan,1990,50_,0.170543315
Sichuan,1991,0,0.015831128
Sichuan,1991,1_14,0.217095875
Sichuan,1991,15_49,0.589932654
Sichuan,1991,50_,0.177140344
Sichuan,1992,0,0.015831128
Sichuan,1992,1_14,0.218268246
Sichuan,1992,15_49,0.582163254
Sichuan,1992,50_,0.183737372
Sichuan,1993,0,0.015831128
Sichuan,1993,1_14,0.219440616
Sichuan,1993,15_49,0.574393855
Sichuan,1993,50_,0.190334401
Sichuan,1994,0,0.015831128
Sichuan,1994,1_14,0.220612987
Sichuan,1994,15_49,0.566624456
Sichuan,1994,50_,0.196931429
Sichuan,1995,0,0.015831128
Sichuan,1995,1_14,0.221785358
Sichuan,1995,15_49,0.558855056
Sichuan,1995,50_,0.203528458
Sichuan,1996,0,0.014721331
Sichuan,1996,1_14,0.220546772
Sichuan,1996,15_49,0.558415582
Sichuan,1996,50_,0.206316315
Sichuan,1997,0,0.013611534
Sichuan,1997,1_14,0.219308186
Sichuan,1997,15_49,0.557976109
Sichuan,1997,50_,0.209104172
Sichuan,1998,0,0.012501737
Sichuan,1998,1_14,0.218069599
Sichuan,1998,15_49,0.557536635
Sichuan,1998,50_,0.211892029
Sichuan,1999,0,0.01139194
Sichuan,1999,1_14,0.216831013
Sichuan,1999,15_49,0.557097161
Sichuan,1999,50_,0.214679885
Sichuan,2000,0,0.010282144
Sichuan,2000,1_14,0.215592427
Sichuan,2000,15_49,0.556657687
Sichuan,2000,50_,0.217467742
Sichuan,2001,0,0.010300027
Sichuan,2001,1_14,0.214100383
Sichuan,2001,15_49,0.538709565
Sichuan,2001,50_,0.236890024
Sichuan,2002,0,0.01031791
Sichuan,2002,1_14,0.21260834
Sichuan,2002,15_49,0.520761444
Sichuan,2002,50_,0.256312307
Sichuan,2003,0,0.010335794
Sichuan,2003,1_14,0.211116296
Sichuan,2003,15_49,0.502813322
Sichuan,2003,50_,0.275734589
Sichuan,2004,0,0.010353677
Sichuan,2004,1_14,0.209624252
Sichuan,2004,15_49,0.4848652
Sichuan,2004,50_,0.295156871
Sichuan,2005,0,0.01037156
Sichuan,2005,1_14,0.208132208
Sichuan,2005,15_49,0.466917078
Sichuan,2005,50_,0.314579153
Sichuan,2006,0,0.010139891
Sichuan,2006,1_14,0.198603791
Sichuan,2006,15_49,0.482446384
Sichuan,2006,50_,0.308809934
Sichuan,2007,0,0.009908222
Sichuan,2007,1_14,0.189075374
Sichuan,2007,15_49,0.497975689
Sichuan,2007,50_,0.303040714
Sichuan,2008,0,0.009676553
Sichuan,2008,1_14,0.179546957
Sichuan,2008,15_49,0.513504995
Sichuan,2008,50_,0.297271495
Sichuan,2009,0,0.009444884
Sichuan,2009,1_14,0.17001854
Sichuan,2009,15_49,0.5290343
Sichuan,2009,50_,0.291502275
Sichuan,2010,0,0.009213215
Sichuan,2010,1_14,0.160490123
Sichuan,2010,15_49,0.544563606
Sichuan,2010,50_,0.285733056
Sichuan,2011,0,0.009036767
Sichuan,2011,1_14,0.158484749
Sichuan,2011,15_49,0.540137129
Sichuan,2011,50_,0.292341355
Sichuan,2012,0,0.008860318
Sichuan,2012,1_14,0.156479374
Sichuan,2012,15_49,0.535710653
Sichuan,2012,50_,0.298949655
Sichuan,2013,0,0.008683869
Sichuan,2013,1_14,0.154473999
Sichuan,2013,15_49,0.531284177
Sichuan,2013,50_,0.305557955
Sichuan,2014,0,0.00850742
Sichuan,2014,1_14,0.152468624
Sichuan,2014,15_49,0.526857701
Sichuan,2014,50_,0.312166254
Guizhou,1990,0,0.020523221
Guizhou,1990,1_14,0.306254536
Guizhou,1990,15_49,0.529123769
Guizhou,1990,50_,0.144098473
Guizhou,1991,0,0.020523221
Guizhou,1991,1_14,0.301961464
Guizhou,1991,15_49,0.529193511
Guizhou,1991,50_,0.148321803
Guizhou,1992,0,0.020523221
Guizhou,1992,1_14,0.297668392
Guizhou,1992,15_49,0.529263253
Guizhou,1992,50_,0.152545133
Guizhou,1993,0,0.020523221
Guizhou,1993,1_14,0.293375321
Guizhou,1993,15_49,0.529332995
Guizhou,1993,50_,0.156768463
Guizhou,1994,0,0.020523221
Guizhou,1994,1_14,0.289082249
Guizhou,1994,15_49,0.529402736
Guizhou,1994,50_,0.160991793
Guizhou,1995,0,0.020523221
Guizhou,1995,1_14,0.284789177
Guizhou,1995,15_49,0.529472478
Guizhou,1995,50_,0.165215123
Guizhou,1996,0,0.020101246
Guizhou,1996,1_14,0.284486093
Guizhou,1996,15_49,0.527796394
Guizhou,1996,50_,0.167616266
Guizhou,1997,0,0.019679271
Guizhou,1997,1_14,0.284183009
Guizhou,1997,15_49,0.526120311
Guizhou,1997,50_,0.170017409
Guizhou,1998,0,0.019257296
Guizhou,1998,1_14,0.283879925
Guizhou,1998,15_49,0.524444227
Guizhou,1998,50_,0.172418551
Guizhou,1999,0,0.018835321
Guizhou,1999,1_14,0.283576841
Guizhou,1999,15_49,0.522768144
Guizhou,1999,50_,0.174819694
Guizhou,2000,0,0.018413346
Guizhou,2000,1_14,0.283273757
Guizhou,2000,15_49,0.52109206
Guizhou,2000,50_,0.177220837
Guizhou,2001,0,0.017341905
Guizhou,2001,1_14,0.280680264
Guizhou,2001,15_49,0.513475324
Guizhou,2001,50_,0.188502507
Guizhou,2002,0,0.016270464
Guizhou,2002,1_14,0.278086771
Guizhou,2002,15_49,0.505858589
Guizhou,2002,50_,0.199784176
Guizhou,2003,0,0.015199023
Guizhou,2003,1_14,0.275493277
Guizhou,2003,15_49,0.498241853
Guizhou,2003,50_,0.211065846
Guizhou,2004,0,0.014127583
Guizhou,2004,1_14,0.272899784
Guizhou,2004,15_49,0.490625117
Guizhou,2004,50_,0.222347516
Guizhou,2005,0,0.013056142
Guizhou,2005,1_14,0.270306291
Guizhou,2005,15_49,0.483008381
Guizhou,2005,50_,0.233629186
Guizhou,2006,0,0.013180463
Guizhou,2006,1_14,0.264033839
Guizhou,2006,15_49,0.490600819
Guizhou,2006,50_,0.232184879
Guizhou,2007,0,0.013304784
Guizhou,2007,1_14,0.257761386
Guizhou,2007,15_49,0.498193257
Guizhou,2007,50_,0.230740573
Guizhou,2008,0,0.013429106
Guizhou,2008,1_14,0.251488934
Guizhou,2008,15_49,0.505785694
Guizhou,2008,50_,0.229296266
Guizhou,2009,0,0.013553427
Guizhou,2009,1_14,0.245216482
Guizhou,2009,15_49,0.513378132
Guizhou,2009,50_,0.227851959
Guizhou,2010,0,0.013677748
Guizhou,2010,1_14,0.23894403
Guizhou,2010,15_49,0.520970569
Guizhou,2010,50_,0.226407653
Guizhou,2011,0,0.013314556
Guizhou,2011,1_14,0.233664994
Guizhou,2011,15_49,0.523342426
Guizhou,2011,50_,0.229678024
Guizhou,2012,0,0.012951364
Guizhou,2012,1_14,0.228385957
Guizhou,2012,15_49,0.525714283
Guizhou,2012,50_,0.232948396
Guizhou,2013,0,0.012588172
Guizhou,2013,1_14,0.223106921
Guizhou,2013,15_49,0.528086139
Guizhou,2013,50_,0.236218768
Guizhou,2014,0,0.01222498
Guizhou,2014,1_14,0.217827885
Guizhou,2014,15_49,0.530457996
Guizhou,2014,50_,0.239489139
Yunnan,1990,0,0.018632342
Yunnan,1990,1_14,0.29792952
Yunnan,1990,15_49,0.532950264
Yunnan,1990,50_,0.150487874
Yunnan,1991,0,0.018632342
Yunnan,1991,1_14,0.291267771
Yunnan,1991,15_49,0.537078326
Yunnan,1991,50_,0.153021562
Yunnan,1992,0,0.018632342
Yunnan,1992,1_14,0.284606021
Yunnan,1992,15_49,0.541206387
Yunnan,1992,50_,0.15555525
Yunnan,1993,0,0.018632342
Yunnan,1993,1_14,0.277944271
Yunnan,1993,15_49,0.545334449
Yunnan,1993,50_,0.158088938
Yunnan,1994,0,0.018632342
Yunnan,1994,1_14,0.271282522
Yunnan,1994,15_49,0.54946251
Yunnan,1994,50_,0.160622626
Yunnan,1995,0,0.018632342
Yunnan,1995,1_14,0.264620772
Yunnan,1995,15_49,0.553590572
Yunnan,1995,50_,0.163156314
Yunnan,1996,0,0.018365342
Yunnan,1996,1_14,0.260157252
Yunnan,1996,15_49,0.557663014
Yunnan,1996,50_,0.163814391
Yunnan,1997,0,0.018098343
Yunnan,1997,1_14,0.255693733
Yunnan,1997,15_49,0.561735457
Yunnan,1997,50_,0.164472468
Yunnan,1998,0,0.017831343
Yunnan,1998,1_14,0.251230213
Yunnan,1998,15_49,0.565807899
Yunnan,1998,50_,0.165130545
Yunnan,1999,0,0.017564343
Yunnan,1999,1_14,0.246766693
Yunnan,1999,15_49,0.569880341
Yunnan,1999,50_,0.165788622
Yunnan,2000,0,0.017297343
Yunnan,2000,1_14,0.242303174
Yunnan,2000,15_49,0.573952784
Yunnan,2000,50_,0.166446699
Yunnan,2001,0,0.016607471
Yunnan,2001,1_14,0.239304724
Yunnan,2001,15_49,0.569994617
Yunnan,2001,50_,0.174093189
Yunnan,2002,0,0.015917598
Yunnan,2002,1_14,0.236306274
Yunnan,2002,15_49,0.56603645
Yunnan,2002,50_,0.181739678
Yunnan,2003,0,0.015227725
Yunnan,2003,1_14,0.233307825
Yunnan,2003,15_49,0.562078283
Yunnan,2003,50_,0.189386168
Yunnan,2004,0,0.014537852
Yunnan,2004,1_14,0.230309375
Yunnan,2004,15_49,0.558120116
Yunnan,2004,50_,0.197032657
Yunnan,2005,0,0.01384798
Yunnan,2005,1_14,0.227310925
Yunnan,2005,15_49,0.554161949
Yunnan,2005,50_,0.204679147
Yunnan,2006,0,0.013501643
Yunnan,2006,1_14,0.220876263
Yunnan,2006,15_49,0.561131107
Yunnan,2006,50_,0.204490987
Yunnan,2007,0,0.013155307
Yunnan,2007,1_14,0.2144416
Yunnan,2007,15_49,0.568100265
Yunnan,2007,50_,0.204302828
Yunnan,2008,0,0.01280897
Yunnan,2008,1_14,0.208006938
Yunnan,2008,15_49,0.575069424
Yunnan,2008,50_,0.204114668
Yunnan,2009,0,0.012462634
Yunnan,2009,1_14,0.201572276
Yunnan,2009,15_49,0.582038582
Yunnan,2009,50_,0.203926508
Yunnan,2010,0,0.012116297
Yunnan,2010,1_14,0.195137613
Yunnan,2010,15_49,0.589007741
Yunnan,2010,50_,0.203738349
Yunnan,2011,0,0.0121712
Yunnan,2011,1_14,0.191864722
Yunnan,2011,15_49,0.58550003
Yunnan,2011,50_,0.210464048
Yunnan,2012,0,0.012226102
Yunnan,2012,1_14,0.188591831
Yunnan,2012,15_49,0.58199232
Yunnan,2012,50_,0.217189747
Yunnan,2013,0,0.012281004
Yunnan,2013,1_14,0.18531894
Yunnan,2013,15_49,0.578484609
Yunnan,2013,50_,0.223915446
Yunnan,2014,0,0.012335906
Yunnan,2014,1_14,0.182046049
Yunnan,2014,15_49,0.574976899
Yunnan,2014,50_,0.230641146
Tibet,1990,0,0.02227542
Tibet,1990,1_14,0.3335605
Tibet,1990,15_49,0.497950164
Tibet,1990,50_,0.146213916
Tibet,1991,0,0.02227542
Tibet,1991,1_14,0.333187766
Tibet,1991,15_49,0.498400705
Tibet,1991,50_,0.146136109
Tibet,1992,0,0.02227542
Tibet,1992,1_14,0.332815031
Tibet,1992,15_49,0.498851247
Tibet,1992,50_,0.146058302
Tibet,1993,0,0.02227542
Tibet,1993,1_14,0.332442296
Tibet,1993,15_49,0.499301789
Tibet,1993,50_,0.145980495
Tibet,1994,0,0.02227542
Tibet,1994,1_14,0.332069562
Tibet,1994,15_49,0.499752331
Tibet,1994,50_,0.145902687
Tibet,1995,0,0.02227542
Tibet,1995,1_14,0.331696827
Tibet,1995,15_49,0.500202873
Tibet,1995,50_,0.14582488
Tibet,1996,0,0.021653034
Tibet,1996,1_14,0.323900099
Tibet,1996,15_49,0.50942822
Tibet,1996,50_,0.145018647
Tibet,1997,0,0.021030649
Tibet,1997,1_14,0.316103371
Tibet,1997,15_49,0.518653567
Tibet,1997,50_,0.144212413
Tibet,1998,0,0.020408263
Tibet,1998,1_14,0.308306643
Tibet,1998,15_49,0.527878915
Tibet,1998,50_,0.143406179
Tibet,1999,0,0.019785878
Tibet,1999,1_14,0.300509915
Tibet,1999,15_49,0.537104262
Tibet,1999,50_,0.142599945
Tibet,2000,0,0.019163492
Tibet,2000,1_14,0.292713187
Tibet,2000,15_49,0.546329609
Tibet,2000,50_,0.141793712
Tibet,2001,0,0.018745215
Tibet,2001,1_14,0.285359597
Tibet,2001,15_49,0.547961473
Tibet,2001,50_,0.147933715
Tibet,2002,0,0.018326938
Tibet,2002,1_14,0.278006008
Tibet,2002,15_49,0.549593337
Tibet,2002,50_,0.154073718
Tibet,2003,0,0.017908661
Tibet,2003,1_14,0.270652418
Tibet,2003,15_49,0.5512252
Tibet,2003,50_,0.160213721
Tibet,2004,0,0.017490384
Tibet,2004,1_14,0.263298828
Tibet,2004,15_49,0.552857064
Tibet,2004,50_,0.166353724
Tibet,2005,0,0.017072106
Tibet,2005,1_14,0.255945238
Tibet,2005,15_49,0.554488928
Tibet,2005,50_,0.172493728
Tibet,2006,0,0.016673376
Tibet,2006,1_14,0.250484257
Tibet,2006,15_49,0.565193652
Tibet,2006,50_,0.167648715
Tibet,2007,0,0.016274645
Tibet,2007,1_14,0.245023276
Tibet,2007,15_49,0.575898377
Tibet,2007,50_,0.162803703
Tibet,2008,0,0.015875914
Tibet,2008,1_14,0.239562294
Tibet,2008,15_49,0.586603102
Tibet,2008,50_,0.157958691
Tibet,2009,0,0.015477183
Tibet,2009,1_14,0.234101313
Tibet,2009,15_49,0.597307826
Tibet,2009,50_,0.153113678
Tibet,2010,0,0.015078452
Tibet,2010,1_14,0.228640331
Tibet,2010,15_49,0.608012551
Tibet,2010,50_,0.148268666
Tibet,2011,0,0.014547258
Tibet,2011,1_14,0.227558155
Tibet,2011,15_49,0.603888415
Tibet,2011,50_,0.154006172
Tibet,2012,0,0.014016064
Tibet,2012,1_14,0.226475979
Tibet,2012,15_49,0.599764279
Tibet,2012,50_,0.159743678
Tibet,2013,0,0.01348487
Tibet,2013,1_14,0.225393803
Tibet,2013,15_49,0.595640143
Tibet,2013,50_,0.165481184
Tibet,2014,0,0.012953677
Tibet,2014,1_14,0.224311627
Tibet,2014,15_49,0.591516007
Tibet,2014,50_,0.17121869
Shaanxi,1990,0,0.014418188
Shaanxi,1990,1_14,0.274330653
Shaanxi,1990,15_49,0.5591985
Shaanxi,1990,50_,0.152052658
Shaanxi,1991,0,0.014418188
Shaanxi,1991,1_14,0.274347285
Shaanxi,1991,15_49,0.554616934
Shaanxi,1991,50_,0.156617593
Shaanxi,1992,0,0.014418188
Shaanxi,1992,1_14,0.274363916
Shaanxi,1992,15_49,0.550035367
Shaanxi,1992,50_,0.161182528
Shaanxi,1993,0,0.014418188
Shaanxi,1993,1_14,0.274380548
Shaanxi,1993,15_49,0.545453801
Shaanxi,1993,50_,0.165747462
Shaanxi,1994,0,0.014418188
Shaanxi,1994,1_14,0.274397179
Shaanxi,1994,15_49,0.540872235
Shaanxi,1994,50_,0.170312397
Shaanxi,1995,0,0.014418188
Shaanxi,1995,1_14,0.274413811
Shaanxi,1995,15_49,0.536290669
Shaanxi,1995,50_,0.174877332
Shaanxi,1996,0,0.013455423
Shaanxi,1996,1_14,0.267490629
Shaanxi,1996,15_49,0.542071423
Shaanxi,1996,50_,0.176982525
Shaanxi,1997,0,0.012492658
Shaanxi,1997,1_14,0.260567447
Shaanxi,1997,15_49,0.547852177
Shaanxi,1997,50_,0.179087718
Shaanxi,1998,0,0.011529893
Shaanxi,1998,1_14,0.253644264
Shaanxi,1998,15_49,0.55363293
Shaanxi,1998,50_,0.181192912
Shaanxi,1999,0,0.010567128
Shaanxi,1999,1_14,0.246721082
Shaanxi,1999,15_49,0.559413684
Shaanxi,1999,50_,0.183298105
Shaanxi,2000,0,0.009604363
Shaanxi,2000,1_14,0.2397979
Shaanxi,2000,15_49,0.565194438
Shaanxi,2000,50_,0.185403298
Shaanxi,2001,0,0.009475486
Shaanxi,2001,1_14,0.229160725
Shaanxi,2001,15_49,0.561655319
Shaanxi,2001,50_,0.19970847
Shaanxi,2002,0,0.009346609
Shaanxi,2002,1_14,0.21852355
Shaanxi,2002,15_49,0.5581162
Shaanxi,2002,50_,0.214013642
Shaanxi,2003,0,0.009217731
Shaanxi,2003,1_14,0.207886374
Shaanxi,2003,15_49,0.554577081
Shaanxi,2003,50_,0.228318814
Shaanxi,2004,0,0.009088854
Shaanxi,2004,1_14,0.197249199
Shaanxi,2004,15_49,0.551037962
Shaanxi,2004,50_,0.242623985
Shaanxi,2005,0,0.008959977
Shaanxi,2005,1_14,0.186612024
Shaanxi,2005,15_49,0.547498842
Shaanxi,2005,50_,0.256929157
Shaanxi,2006,0,0.008961399
Shaanxi,2006,1_14,0.176908365
Shaanxi,2006,15_49,0.557391041
Shaanxi,2006,50_,0.256739194
Shaanxi,2007,0,0.008962822
Shaanxi,2007,1_14,0.167204706
Shaanxi,2007,15_49,0.567283239
Shaanxi,2007,50_,0.256549232
Shaanxi,2008,0,0.008964245
Shaanxi,2008,1_14,0.157501048
Shaanxi,2008,15_49,0.577175438
Shaanxi,2008,50_,0.256359269
Shaanxi,2009,0,0.008965668
Shaanxi,2009,1_14,0.147797389
Shaanxi,2009,15_49,0.587067636
Shaanxi,2009,50_,0.256169307
Shaanxi,2010,0,0.008967091
Shaanxi,2010,1_14,0.13809373
Shaanxi,2010,15_49,0.596959835
Shaanxi,2010,50_,0.255979344
Shaanxi,2011,0,0.008924085
Shaanxi,2011,1_14,0.138821272
Shaanxi,2011,15_49,0.587829904
Shaanxi,2011,50_,0.264424739
Shaanxi,2012,0,0.008881078
Shaanxi,2012,1_14,0.139548815
Shaanxi,2012,15_49,0.578699972
Shaanxi,2012,50_,0.272870135
Shaanxi,2013,0,0.008838072
Shaanxi,2013,1_14,0.140276357
Shaanxi,2013,15_49,0.569570041
Shaanxi,2013,50_,0.28131553
Shaanxi,2014,0,0.008795066
Shaanxi,2014,1_14,0.141003899
Shaanxi,2014,15_49,0.56044011
Shaanxi,2014,50_,0.289760925
Gansu,1990,0,0.018986406
Gansu,1990,1_14,0.260760106
Gansu,1990,15_49,0.579151212
Gansu,1990,50_,0.141102276
Gansu,1991,0,0.018986406
Gansu,1991,1_14,0.261718858
Gansu,1991,15_49,0.573889803
Gansu,1991,50_,0.145404934
Gansu,1992,0,0.018986406
Gansu,1992,1_14,0.262677609
Gansu,1992,15_49,0.568628393
Gansu,1992,50_,0.149707592
Gansu,1993,0,0.018986406
Gansu,1993,1_14,0.263636361
Gansu,1993,15_49,0.563366983
Gansu,1993,50_,0.154010251
Gansu,1994,0,0.018986406
Gansu,1994,1_14,0.264595112
Gansu,1994,15_49,0.558105573
Gansu,1994,50_,0.158312909
Gansu,1995,0,0.018986406
Gansu,1995,1_14,0.265553863
Gansu,1995,15_49,0.552844164
Gansu,1995,50_,0.162615567
Gansu,1996,0,0.017831381
Gansu,1996,1_14,0.263670083
Gansu,1996,15_49,0.553426471
Gansu,1996,50_,0.165072064
Gansu,1997,0,0.016676357
Gansu,1997,1_14,0.261786303
Gansu,1997,15_49,0.554008779
Gansu,1997,50_,0.167528561
Gansu,1998,0,0.015521332
Gansu,1998,1_14,0.259902522
Gansu,1998,15_49,0.554591087
Gansu,1998,50_,0.169985059
Gansu,1999,0,0.014366308
Gansu,1999,1_14,0.258018742
Gansu,1999,15_49,0.555173395
Gansu,1999,50_,0.172441556
Gansu,2000,0,0.013211283
Gansu,2000,1_14,0.256134961
Gansu,2000,15_49,0.555755703
Gansu,2000,50_,0.174898053
Gansu,2001,0,0.012619899
Gansu,2001,1_14,0.249666041
Gansu,2001,15_49,0.553288008
Gansu,2001,50_,0.184426052
Gansu,2002,0,0.012028515
Gansu,2002,1_14,0.24319712
Gansu,2002,15_49,0.550820313
Gansu,2002,50_,0.193954052
Gansu,2003,0,0.011437132
Gansu,2003,1_14,0.236728199
Gansu,2003,15_49,0.548352618
Gansu,2003,50_,0.203482051
Gansu,2004,0,0.010845748
Gansu,2004,1_14,0.230259279
Gansu,2004,15_49,0.545884923
Gansu,2004,50_,0.21301005
Gansu,2005,0,0.010254364
Gansu,2005,1_14,0.223790358
Gansu,2005,15_49,0.543417228
Gansu,2005,50_,0.22253805
Gansu,2006,0,0.010369467
Gansu,2006,1_14,0.213183708
Gansu,2006,15_49,0.553033141
Gansu,2006,50_,0.223413684
Gansu,2007,0,0.01048457
Gansu,2007,1_14,0.202577059
Gansu,2007,15_49,0.562649053
Gansu,2007,50_,0.224289318
Gansu,2008,0,0.010599673
Gansu,2008,1_14,0.191970409
Gansu,2008,15_49,0.572264966
Gansu,2008,50_,0.225164952
Gansu,2009,0,0.010714776
Gansu,2009,1_14,0.18136376
Gansu,2009,15_49,0.581880879
Gansu,2009,50_,0.226040586
Gansu,2010,0,0.010829879
Gansu,2010,1_14,0.17075711
Gansu,2010,15_49,0.591496791
Gansu,2010,50_,0.22691622
Gansu,2011,0,0.010577642
Gansu,2011,1_14,0.168888787
Gansu,2011,15_49,0.58640292
Gansu,2011,50_,0.234130651
Gansu,2012,0,0.010325404
Gansu,2012,1_14,0.167020464
Gansu,2012,15_49,0.581309049
Gansu,2012,50_,0.241345082
Gansu,2013,0,0.010073167
Gansu,2013,1_14,0.165152141
Gansu,2013,15_49,0.576215178
Gansu,2013,50_,0.248559514
Gansu,2014,0,0.00982093
Gansu,2014,1_14,0.163283818
Gansu,2014,15_49,0.571121307
Gansu,2014,50_,0.255773945
Qinghai,1990,0,0.019677707
Qinghai,1990,1_14,0.287858699
Qinghai,1990,15_49,0.566722056
Qinghai,1990,50_,0.125741538
Qinghai,1991,0,0.019677707
Qinghai,1991,1_14,0.283105001
Qinghai,1991,15_49,0.568269539
Qinghai,1991,50_,0.128947753
Qinghai,1992,0,0.019677707
Qinghai,1992,1_14,0.278351304
Qinghai,1992,15_49,0.569817022
Qinghai,1992,50_,0.132153968
Qinghai,1993,0,0.019677707
Qinghai,1993,1_14,0.273597606
Qinghai,1993,15_49,0.571364505
Qinghai,1993,50_,0.135360183
Qinghai,1994,0,0.019677707
Qinghai,1994,1_14,0.268843908
Qinghai,1994,15_49,0.572911987
Qinghai,1994,50_,0.138566398
Qinghai,1995,0,0.019677707
Qinghai,1995,1_14,0.26409021
Qinghai,1995,15_49,0.57445947
Qinghai,1995,50_,0.141772613
Qinghai,1996,0,0.018843869
Qinghai,1996,1_14,0.26187492
Qinghai,1996,15_49,0.575569627
Qinghai,1996,50_,0.143711584
Qinghai,1997,0,0.018010031
Qinghai,1997,1_14,0.25965963
Qinghai,1997,15_49,0.576679784
Qinghai,1997,50_,0.145650556
Qinghai,1998,0,0.017176192
Qinghai,1998,1_14,0.25744434
Qinghai,1998,15_49,0.577789941
Qinghai,1998,50_,0.147589527
Qinghai,1999,0,0.016342354
Qinghai,1999,1_14,0.255229049
Qinghai,1999,15_49,0.578900098
Qinghai,1999,50_,0.149528498
Qinghai,2000,0,0.015508516
Qinghai,2000,1_14,0.253013759
Qinghai,2000,15_49,0.580010255
Qinghai,2000,50_,0.151467469
Qinghai,2001,0,0.015013102
Qinghai,2001,1_14,0.247944574
Qinghai,2001,15_49,0.579091024
Qinghai,2001,50_,0.1579513
Qinghai,2002,0,0.014517688
Qinghai,2002,1_14,0.242875388
Qinghai,2002,15_49,0.578171793
Qinghai,2002,50_,0.164435132
Qinghai,2003,0,0.014022274
Qinghai,2003,1_14,0.237806202
Qinghai,2003,15_49,0.577252562
Qinghai,2003,50_,0.170918963
Qinghai,2004,0,0.013526859
Qinghai,2004,1_14,0.232737016
Qinghai,2004,15_49,0.576333331
Qinghai,2004,50_,0.177402794
Qinghai,2005,0,0.013031445
Qinghai,2005,1_14,0.22766783
Qinghai,2005,15_49,0.5754141
Qinghai,2005,50_,0.183886625
Qinghai,2006,0,0.012972429
Qinghai,2006,1_14,0.221426833
Qinghai,2006,15_49,0.582712602
Qinghai,2006,50_,0.182888136
Qinghai,2007,0,0.012913413
Qinghai,2007,1_14,0.215185836
Qinghai,2007,15_49,0.590011104
Qinghai,2007,50_,0.181889647
Qinghai,2008,0,0.012854397
Qinghai,2008,1_14,0.208944838
Qinghai,2008,15_49,0.597309606
Qinghai,2008,50_,0.180891158
Qinghai,2009,0,0.012795381
Qinghai,2009,1_14,0.202703841
Qinghai,2009,15_49,0.604608108
Qinghai,2009,50_,0.179892669
Qinghai,2010,0,0.012736365
Qinghai,2010,1_14,0.196462843
Qinghai,2010,15_49,0.611906611
Qinghai,2010,50_,0.178894181
Qinghai,2011,0,0.01242029
Qinghai,2011,1_14,0.195067884
Qinghai,2011,15_49,0.606407725
Qinghai,2011,50_,0.186104101
Qinghai,2012,0,0.012104214
Qinghai,2012,1_14,0.193672925
Qinghai,2012,15_49,0.600908839
Qinghai,2012,50_,0.193314022
Qinghai,2013,0,0.011788139
Qinghai,2013,1_14,0.192277966
Qinghai,2013,15_49,0.595409954
Qinghai,2013,50_,0.200523942
Qinghai,2014,0,0.011472063
Qinghai,2014,1_14,0.190883006
Qinghai,2014,15_49,0.589911068
Qinghai,2014,50_,0.207733863
Ningxia,1990,0,0.01863212
Ningxia,1990,1_14,0.318748946
Ningxia,1990,15_49,0.544759524
Ningxia,1990,50_,0.11785941
Ningxia,1991,0,0.01863212
Ningxia,1991,1_14,0.314416189
Ningxia,1991,15_49,0.545645683
Ningxia,1991,50_,0.121306008
Ningxia,1992,0,0.01863212
Ningxia,1992,1_14,0.310083431
Ningxia,1992,15_49,0.546531843
Ningxia,1992,50_,0.124752605
Ningxia,1993,0,0.01863212
Ningxia,1993,1_14,0.305750674
Ningxia,1993,15_49,0.547418003
Ningxia,1993,50_,0.128199203
Ningxia,1994,0,0.01863212
Ningxia,1994,1_14,0.301417917
Ningxia,1994,15_49,0.548304162
Ningxia,1994,50_,0.131645801
Ningxia,1995,0,0.01863212
Ningxia,1995,1_14,0.297085159
Ningxia,1995,15_49,0.549190322
Ningxia,1995,50_,0.135092399
Ningxia,1996,0,0.018139551
Ningxia,1996,1_14,0.291180809
Ningxia,1996,15_49,0.553531938
Ningxia,1996,50_,0.137147702
Ningxia,1997,0,0.017646982
Ningxia,1997,1_14,0.285276458
Ningxia,1997,15_49,0.557873554
Ningxia,1997,50_,0.139203005
Ningxia,1998,0,0.017154413
Ningxia,1998,1_14,0.279372107
Ningxia,1998,15_49,0.56221517
Ningxia,1998,50_,0.141258309
Ningxia,1999,0,0.016661844
Ningxia,1999,1_14,0.273467757
Ningxia,1999,15_49,0.566556787
Ningxia,1999,50_,0.143313612
Ningxia,2000,0,0.016169276
Ningxia,2000,1_14,0.267563406
Ningxia,2000,15_49,0.570898403
Ningxia,2000,50_,0.145368915
Ningxia,2001,0,0.01587615
Ningxia,2001,1_14,0.262922601
Ningxia,2001,15_49,0.567794623
Ningxia,2001,50_,0.153406627
Ningxia,2002,0,0.015583024
Ningxia,2002,1_14,0.258281795
Ningxia,2002,15_49,0.564690844
Ningxia,2002,50_,0.161444338
Ningxia,2003,0,0.015289897
Ningxia,2003,1_14,0.253640989
Ningxia,2003,15_49,0.561587065
Ningxia,2003,50_,0.169482049
Ningxia,2004,0,0.014996771
Ningxia,2004,1_14,0.249000183
Ningxia,2004,15_49,0.558483285
Ningxia,2004,50_,0.17751976
Ningxia,2005,0,0.014703645
Ningxia,2005,1_14,0.244359377
Ningxia,2005,15_49,0.555379506
Ningxia,2005,50_,0.185557471
Ningxia,2006,0,0.01415215
Ningxia,2006,1_14,0.235883703
Ningxia,2006,15_49,0.563573983
Ningxia,2006,50_,0.186390163
Ningxia,2007,0,0.013600655
Ningxia,2007,1_14,0.227408028
Ningxia,2007,15_49,0.571768461
Ningxia,2007,50_,0.187222856
Ningxia,2008,0,0.01304916
Ningxia,2008,1_14,0.218932353
Ningxia,2008,15_49,0.579962938
Ningxia,2008,50_,0.188055548
Ningxia,2009,0,0.012497665
Ningxia,2009,1_14,0.210456679
Ningxia,2009,15_49,0.588157416
Ningxia,2009,50_,0.18888824
Ningxia,2010,0,0.01194617
Ningxia,2010,1_14,0.201981004
Ningxia,2010,15_49,0.596351893
Ningxia,2010,50_,0.189720933
Ningxia,2011,0,0.01177811
Ningxia,2011,1_14,0.199552805
Ningxia,2011,15_49,0.592422637
Ningxia,2011,50_,0.196246448
Ningxia,2012,0,0.011610049
Ningxia,2012,1_14,0.197124606
Ningxia,2012,15_49,0.588493381
Ningxia,2012,50_,0.202771964
Ningxia,2013,0,0.011441988
Ningxia,2013,1_14,0.194696408
Ningxia,2013,15_49,0.584564125
Ningxia,2013,50_,0.209297479
Ningxia,2014,0,0.011273928
Ningxia,2014,1_14,0.192268209
Ningxia,2014,15_49,0.580634869
Ningxia,2014,50_,0.215822995
Xinjiang,1990,0,0.016920037
Xinjiang,1990,1_14,0.313602076
Xinjiang,1990,15_49,0.536850486
Xinjiang,1990,50_,0.132627401
Xinjiang,1991,0,0.016920037
Xinjiang,1991,1_14,0.308307775
Xinjiang,1991,15_49,0.537562257
Xinjiang,1991,50_,0.137209931
Xinjiang,1992,0,0.016920037
Xinjiang,1992,1_14,0.303013474
Xinjiang,1992,15_49,0.538274028
Xinjiang,1992,50_,0.141792461
Xinjiang,1993,0,0.016920037
Xinjiang,1993,1_14,0.297719173
Xinjiang,1993,15_49,0.538985799
Xinjiang,1993,50_,0.146374991
Xinjiang,1994,0,0.016920037
Xinjiang,1994,1_14,0.292424872
Xinjiang,1994,15_49,0.53969757
Xinjiang,1994,50_,0.150957522
Xinjiang,1995,0,0.016920037
Xinjiang,1995,1_14,0.28713057
Xinjiang,1995,15_49,0.540409341
Xinjiang,1995,50_,0.155540052
Xinjiang,1996,0,0.016553867
Xinjiang,1996,1_14,0.281217446
Xinjiang,1996,15_49,0.547168088
Xinjiang,1996,50_,0.155060599
Xinjiang,1997,0,0.016187697
Xinjiang,1997,1_14,0.275304322
Xinjiang,1997,15_49,0.553926835
Xinjiang,1997,50_,0.154581147
Xinjiang,1998,0,0.015821527
Xinjiang,1998,1_14,0.269391197
Xinjiang,1998,15_49,0.560685582
Xinjiang,1998,50_,0.154101694
Xinjiang,1999,0,0.015455356
Xinjiang,1999,1_14,0.263478073
Xinjiang,1999,15_49,0.567444329
Xinjiang,1999,50_,0.153622242
Xinjiang,2000,0,0.015089186
Xinjiang,2000,1_14,0.257564948
Xinjiang,2000,15_49,0.574203076
Xinjiang,2000,50_,0.153142789
Xinjiang,2001,0,0.014966617
Xinjiang,2001,1_14,0.250242424
Xinjiang,2001,15_49,0.575220602
Xinjiang,2001,50_,0.159570357
Xinjiang,2002,0,0.014844049
Xinjiang,2002,1_14,0.242919899
Xinjiang,2002,15_49,0.576238127
Xinjiang,2002,50_,0.165997925
Xinjiang,2003,0,0.01472148
Xinjiang,2003,1_14,0.235597374
Xinjiang,2003,15_49,0.577255653
Xinjiang,2003,50_,0.172425493
Xinjiang,2004,0,0.014598911
Xinjiang,2004,1_14,0.228274849
Xinjiang,2004,15_49,0.578273179
Xinjiang,2004,50_,0.178853062
Xinjiang,2005,0,0.014476342
Xinjiang,2005,1_14,0.220952324
Xinjiang,2005,15_49,0.579290704
Xinjiang,2005,50_,0.18528063
Xinjiang,2006,0,0.014518393
Xinjiang,2006,1_14,0.214728829
Xinjiang,2006,15_49,0.586046621
Xinjiang,2006,50_,0.184706157
Xinjiang,2007,0,0.014560443
Xinjiang,2007,1_14,0.208505335
Xinjiang,2007,15_49,0.592802538
Xinjiang,2007,50_,0.184131684
Xinjiang,2008,0,0.014602493
Xinjiang,2008,1_14,0.20228184
Xinjiang,2008,15_49,0.599558455
Xinjiang,2008,50_,0.183557212
Xinjiang,2009,0,0.014644543
Xinjiang,2009,1_14,0.196058346
Xinjiang,2009,15_49,0.606314372
Xinjiang,2009,50_,0.182982739
Xinjiang,2010,0,0.014686593
Xinjiang,2010,1_14,0.189834851
Xinjiang,2010,15_49,0.613070289
Xinjiang,2010,50_,0.182408267
Xinjiang,2011,0,0.0147191
Xinjiang,2011,1_14,0.19253801
Xinjiang,2011,15_49,0.605319776
Xinjiang,2011,50_,0.187423114
Xinjiang,2012,0,0.014751607
Xinjiang,2012,1_14,0.195241168
Xinjiang,2012,15_49,0.597569264
Xinjiang,2012,50_,0.192437961
Xinjiang,2013,0,0.014784114
Xinjiang,2013,1_14,0.197944326
Xinjiang,2013,15_49,0.589818751
Xinjiang,2013,50_,0.197452808
Xinjiang,2014,0,0.014816622
Xinjiang,2014,1_14,0.200647484
Xinjiang,2014,15_49,0.582068239
Xinjiang,2014,50_,0.202467656